id,subject,title,topic,formal_status
summary-geografia-as-redes-de-transportes,Geografia,As Redes de Transportes,As Redes de Transportes,em-validacao
summary-geografia-biogeografia-do-brasil-i,Geografia,Biogeografia do Brasil I,Biogeografia do Brasil I,nao-revisado
summary-geografia-biogeografia-do-brasil-ii,Geografia,Biogeografia do Brasil II,Biogeografia do Brasil II,nao-revisado
summary-geografia-blocos-economicos,Geografia,Blocos Econômicos,Blocos Econômicos,em-validacao
summary-geografia-climatologia-do-brasil,Geografia,Climatologia do Brasil,Climatologia do Brasil,em-validacao
summary-geografia-combustiveis-fosseis-e-biocombustiveis-no-brasil,Geografia,Combustíveis Fósseis e Biocombustíveis no Brasil,Combustíveis Fósseis e Biocombustíveis no Brasil,em-validacao
summary-geografia-conflitos-no-mundo-arabe,Geografia,Conflitos no Mundo Árabe,Conflitos no Mundo Árabe,nao-revisado
summary-geografia-desigualdades-globais,Geografia,Desigualdades Globais,Desigualdades Globais,em-validacao
summary-geografia-dinamica-demografica,Geografia,Dinâmica Demográfica,Dinâmica Demográfica,em-validacao
summary-geografia-dominios-morfoclimaticos,Geografia,Domínios Morfoclimáticos,Domínios Morfoclimáticos,em-validacao
summary-geografia-energia-eletrica-no-brasil,Geografia,Energia Elétrica no Brasil,Energia Elétrica no Brasil,em-validacao
summary-geografia-energia-eletrica-no-mundo,Geografia,Energia Elétrica no Mundo,Energia Elétrica no Mundo,nao-revisado
geo-bonus-demografico,Geografia,Estrutura Ativa da População,Estrutura Ativa da População,em-validacao
summary-geografia-estrutura-etnica-e-fluxos-migratorios,Geografia,Estrutura Étnica e Fluxos Migratórios,Estrutura Étnica e Fluxos Migratórios,em-validacao
summary-geografia-gedeconomia-mundial,Geografia,Geoeconomia Mundial,Geoeconomia Mundial,nao-revisado
summary-geografia-geografia-das-religioes,Geografia,Geografia das Religiões,Geografia das Religiões,nao-revisado
summary-geografia-geografia-do-oriente-medio,Geografia,Geografia do Oriente Médio,Geografia do Oriente Médio,nao-revisado
summary-geografia-geografia-do-turismo,Geografia,Geografia do Turismo,Geografia do Turismo,em-validacao
summary-geografia-geologia-e-geomorfologia,Geografia,Geologia e Geomorfologia,Geologia e Geomorfologia,em-validacao
summary-geografia-geopolitica-e-geoeconomia-da-america-latina,Geografia,Geopolítica e Geoeconomia da América Latina,Geopolítica e Geoeconomia da América Latina,nao-revisado
summary-geografia-geopolitica-e-geoeconomia-da-asia,Geografia,Geopolítica e Geoeconomia da Ásia,Geopolítica e Geoeconomia da Ásia,nao-revisado
summary-geografia-hidrogeografia-do-brasil,Geografia,Hidrogeografia do Brasil,Hidrogeografia do Brasil,nao-revisado
summary-geografia-industria-i,Geografia,Indústria I,Indústria I,em-validacao
summary-geografia-industria-ii,Geografia,Indústria II,Indústria II,nao-revisado
summary-geografia-matriz-energetica,Geografia,Matriz Energética,Matriz Energética,nao-revisado
summary-geografia-mobilidade-populacional,Geografia,Mobilidade Populacional,Mobilidade Populacional,em-validacao
summary-geografia-o-espaco-agrario-brasileiro,Geografia,O Espaço Agrário Brasileiro,O Espaço Agrário Brasileiro,nao-revisado
summary-geografia-o-espaco-industrial-brasileiro-i,Geografia,O Espaço Industrial Brasileiro I,O Espaço Industrial Brasileiro I,em-validacao
summary-geografia-o-espaco-industrial-brasileiro-ii,Geografia,O Espaço Industrial Brasileiro II,O Espaço Industrial Brasileiro II,nao-revisado
summary-geografia-o-espaco-urbano-i,Geografia,O Espaço Urbano I,O Espaço Urbano I,em-validacao
summary-geografia-o-espaco-urbano-ii,Geografia,O Espaço Urbano II,O Espaço Urbano II,em-validacao
summary-geografia-os-fluxos-do-comercio-externo,Geografia,Os Fluxos do Comércio Externo,Os Fluxos do Comércio Externo,em-validacao
summary-geografia-paisagem-espaco-geografico-e-ciencia-geografica,Geografia,"Paisagem, Espaço Geográfico e Ciência Geográfica","Paisagem, Espaço Geográfico e Ciência Geográfica",em-validacao
summary-geografia-pedologia,Geografia,Pedologia,Pedologia,em-validacao
summary-geografia-politicas-ambientais-brasileiras,Geografia,Políticas Ambientais Brasileiras,Políticas Ambientais Brasileiras,nao-revisado
summary-geografia-producao-agricola-mundial,Geografia,Produção Agrícola Mundial,Produção Agrícola Mundial,em-validacao
summary-geografia-producao-mineral,Geografia,Produção Mineral,Produção Mineral,nao-revisado
summary-geografia-questao-palestina,Geografia,Questão Palestina,Questão Palestina,nao-revisado
summary-geografia-relevo-brasileiro,Geografia,Relevo Brasileiro,Relevo Brasileiro,em-validacao
summary-geografia-tensoes-geopoliticas-na-europa,Geografia,Tensões Geopolíticas na Europa,Tensões Geopolíticas na Europa,nao-revisado
summary-geografia-terrorismo-internacional,Geografia,Terrorismo Internacional,Terrorismo Internacional,nao-revisado
summary-geografia-uniao-europeia,Geografia,União Europeia,União Europeia,nao-revisado
summary-geografia-africa-no-mundo-atual,Geografia,África no Mundo Atual,África no Mundo Atual,nao-revisado
atu-cop30-belem,Atualidades,"COP30 em Belém: avanços, limites e leitura de prova","Clima, energia e meio ambiente",nao-revisado
summary-biologia-alelos-multiplos-e-heranca-dos-grupos-sanguineos,Biologia,Alelos Múltiplos e Herança dos Grupos Sanguíneos,Alelos Múltiplos e Herança dos Grupos Sanguíneos,nao-revisado
summary-biologia-algas,Biologia,Algas,Algas,nao-revisado
summary-biologia-anelideos,Biologia,Anelídeos,Anelídeos,nao-revisado
bio-ecologia-aquecimento-global-pops-biorremediacao,Biologia,"Aquecimento global, POPs e biorremediação","Poluição: Aquecimento Global, POPs e Biorremediação",nao-revisado
summary-biologia-arquitetura-corporal-dos-animais-e-o-filo-dos-platelmintos-e-dos-nematodeos,Biologia,Arquitetura Corporal dos Animais e o Filo dos Platelmintos e dos Nematódeos,Arquitetura Corporal dos Animais e o Filo dos Platelmintos e dos Nematódeos,nao-revisado
summary-biologia-artropodes-aracnideos,Biologia,Artrópodes: Aracnídeos,Artrópodes: Aracnídeos,nao-revisado
summary-biologia-artropodes-insetos-crustaceos-e-miriapodes,Biologia,"Artrópodes: Insetos, Crustáceos e Miriápodes","Artrópodes: Insetos, Crustáceos e Miriápodes",nao-revisado
summary-biologia-bioenergetica-fermentacao-e-respiracao,Biologia,Bioenergética: Fermentação e Respiração,Bioenergética: Fermentação e Respiração,nao-revisado
summary-biologia-bioenergetica-fotossintese-e-quimiossintese,Biologia,Bioenergética: Fotossíntese e Quimiossíntese,Bioenergética: Fotossíntese e Quimiossíntese,em-validacao
bio-ecologia-biomagnificacao,Biologia,Biomagnificação,Biomagnificação,nao-revisado
summary-biologia-biomas-brasileiros,Biologia,Biomas Brasileiros,Biomas Brasileiros,nao-revisado
summary-biologia-biotecnologia,Biologia,Biotecnologia,Biotecnologia,nao-revisado
bio-ecologia-ciclo-nitrogenio,Biologia,Ciclo do nitrogênio,Ciclo do Nitrogênio,em-validacao
bio-ecologia-ciclo-hidrologico-poluicao-agua,Biologia,Ciclo hidrológico e poluição da água,Ciclo Hidrológico e Poluição da Água,em-validacao
bio-ecologia-ciclo-carbono,Biologia,Ciclos biogeoquímicos: ciclo do carbono,Ciclos Biogeoquímicos – Ciclo do Carbono,nao-revisado
summary-biologia-ciclos-de-vida,Biologia,Ciclos de Vida,Ciclos de Vida,nao-revisado
summary-biologia-citoplasma-estrutura-e-componentes-i,Biologia,Citoplasma: Estrutura e Componentes I,Citoplasma: Estrutura e Componentes I,nao-revisado
summary-biologia-citoplasma-estrutura-e-componentes-ii,Biologia,Citoplasma: Estrutura e Componentes II,Citoplasma: Estrutura e Componentes II,nao-revisado
summary-biologia-classificacao-biologica-nomenclatura-cientifica-e-nocoes-de-sistematica-filogenetica,Biologia,"Classificação Biológica, Nomenclatura Científica e Noções de Sistemática Filogenética","Classificação Biológica, Nomenclatura Científica e Noções de Sistemática Filogenética",nao-revisado
summary-biologia-composicao-quimica-celular-carboidratos-e-lipidios,Biologia,Composição Química Celular: Carboidratos e Lipídios,Composição Química Celular: Carboidratos e Lipídios,nao-revisado
summary-biologia-composicao-quimica-celular-compostos-inorganicos,Biologia,Composição Química Celular: Compostos Inorgânicos,Composição Química Celular: Compostos Inorgânicos,nao-revisado
summary-biologia-composicao-quimica-celular-proteinas-e-sua-funcao-estrutural,Biologia,Composição Química Celular: Proteínas e sua Função Estrutural,Composição Química Celular: Proteínas e sua Função Estrutural,nao-revisado
summary-biologia-coordenacao-endocrina-i,Biologia,Coordenação Endócrina I,Coordenação Endócrina I,nao-revisado
summary-biologia-coordenacao-endocrina-ii,Biologia,Coordenação Endócrina II,Coordenação Endócrina II,nao-revisado
summary-biologia-coordenacao-nervosa-ii,Biologia,Coordenação Nervosa II,Coordenação Nervosa II,nao-revisado
summary-biologia-coracao-e-vasos-sanguineos,Biologia,Coração e Vasos Sanguíneos,Coração e Vasos Sanguíneos,em-validacao
summary-biologia-cordados-tetrapodes,Biologia,Cordados Tetrápodes,Cordados Tetrápodes,nao-revisado
bio-ecologia-dinamica-populacoes,Biologia,Dinâmica de populações,Dinâmica de Populações,em-validacao
summary-biologia-divisao-celular,Biologia,Divisão Celular,Divisão Celular,nao-revisado
summary-biologia-embriologia-animal,Biologia,Embriologia Animal,Embriologia Animal,nao-revisado
summary-biologia-equinodermos,Biologia,Equinodermos,Equinodermos,nao-revisado
bio-ecologia-invasoras-controle-biologico,Biologia,Espécies invasoras e controle biológico,Espécies Invasoras e Controle Biológico,em-validacao
bio-ecologia-eutrofizacao,Biologia,Eutrofização e fluxo de energia,Eutrofização,em-validacao
summary-biologia-evolucao-biologica-construcao-historica,Biologia,Evolução Biológica: Construção Histórica,Evolução Biológica: Construção Histórica,nao-revisado
summary-biologia-fisiologia-vegetal-hormonios-vegetais,Biologia,Fisiologia Vegetal: Hormônios Vegetais,Fisiologia Vegetal: Hormônios Vegetais,nao-revisado
summary-biologia-fisiologia-vegetal-transporte-no-floema,Biologia,Fisiologia Vegetal: Transporte no Floema,Fisiologia Vegetal: Transporte no Floema,nao-revisado
summary-biologia-fisiologia-da-coordenacao-nervosa-i,Biologia,Fisiologia da Coordenação Nervosa I,Fisiologia da Coordenação Nervosa I,nao-revisado
summary-biologia-fisiologia-da-digestao,Biologia,Fisiologia da Digestão,Fisiologia da Digestão,nao-revisado
summary-biologia-fisiologia-da-excrecao,Biologia,Fisiologia da Excreção,Fisiologia da Excreção,nao-revisado
summary-biologia-fisiologia-da-respiracao,Biologia,Fisiologia da Respiração,Fisiologia da Respiração,nao-revisado
summary-biologia-fisiologia-da-sustentacao-e-da-locomocao,Biologia,Fisiologia da Sustentação e da Locomoção,Fisiologia da Sustentação e da Locomoção,nao-revisado
summary-biologia-fungos,Biologia,Fungos,Fungos,nao-revisado
summary-biologia-heranca-sexual,Biologia,Herança Sexual,Herança Sexual,nao-revisado
summary-biologia-histologia-e-morfologia-vegetal,Biologia,Histologia e Morfologia Vegetal,Histologia e Morfologia Vegetal,nao-revisado
summary-biologia-introducao-aos-cordados-e-os-peixes,Biologia,Introdução aos Cordados e os Peixes,Introdução aos Cordados e os Peixes,nao-revisado
bio-ecologia-introducao,Biologia,Introdução à Ecologia,Introdução à Ecologia,nao-revisado
summary-biologia-introducao-a-genetica,Biologia,Introdução à Genética,Introdução à Genética,nao-revisado
summary-biologia-ligacao-genica,Biologia,Ligação Gênica,Ligação Gênica,nao-revisado
summary-biologia-mecanismos-da-evolucao-biologica,Biologia,Mecanismos da Evolução Biológica,Mecanismos da Evolução Biológica,nao-revisado
summary-biologia-membranas-celulares,Biologia,Membranas Celulares,Membranas Celulares,em-validacao
summary-biologia-moluscos,Biologia,Moluscos,Moluscos,nao-revisado
summary-biologia-morfofisiologia-vegetal-caules-e-folhas,Biologia,Morfofisiologia Vegetal: Caules e Folhas,Morfofisiologia Vegetal: Caules e Folhas,nao-revisado
summary-biologia-mutacoes-cromossomicas-e-gametogenese,Biologia,Mutações Cromossômicas e Gametogênese,Mutações Cromossômicas e Gametogênese,nao-revisado
summary-biologia-mutacoes-genicas,Biologia,Mutações Gênicas,Mutações Gênicas,nao-revisado
summary-biologia-nucleo-celular,Biologia,Núcleo Celular,Núcleo Celular,nao-revisado
summary-biologia-origem-da-vida-e-as-primeiras-celulas,Biologia,Origem da Vida e as Primeiras Células,Origem da Vida e as Primeiras Células,nao-revisado
summary-biologia-plantas-terrestres-i-briofitas-e-pteridofitas,Biologia,Plantas Terrestres I: Briófitas e Pteridófitas,Plantas Terrestres I: Briófitas e Pteridófitas,nao-revisado
summary-biologia-plantas-terrestres-ii-gimnospermas-e-angiospermas,Biologia,Plantas Terrestres II: Gimnospermas e Angiospermas,Plantas Terrestres II: Gimnospermas e Angiospermas,nao-revisado
bio-ecologia-poluicao-ar,Biologia,Poluição do ar,Poluição do Ar,nao-revisado
summary-biologia-poriferos-e-cnidarios,Biologia,Poríferos e Cnidários,Poríferos e Cnidários,nao-revisado
summary-biologia-procariotos,Biologia,Procariotos,Procariotos,nao-revisado
summary-biologia-proteinas-enzimas,Biologia,Proteínas: Enzimas,Proteínas: Enzimas,nao-revisado
summary-biologia-protozoarios-e-protozooses,Biologia,Protozoários e Protozooses,Protozoários e Protozooses,nao-revisado
summary-biologia-reproducao-humana-e-metodos-contraceptivos,Biologia,Reprodução Humana e Métodos Contraceptivos,Reprodução Humana e Métodos Contraceptivos,nao-revisado
summary-biologia-sangue-e-imunologia,Biologia,Sangue e Imunologia,Sangue e Imunologia,nao-revisado
summary-biologia-segunda-lei-de-mendel,Biologia,Segunda Lei de Mendel,Segunda Lei de Mendel,nao-revisado
summary-biologia-segunda-lei-de-mendel-e-interacao-genica,Biologia,Segunda Lei de Mendel e Interação Gênica,Segunda Lei de Mendel e Interação Gênica,nao-revisado
summary-biologia-sistemas-sensoriais-visao-e-audicao,Biologia,Sistemas Sensoriais: Visão e Audição,Sistemas Sensoriais: Visão e Audição,nao-revisado
bio-ecologia-sucessao,Biologia,Sucessão ecológica,Sucessão Ecológica,em-validacao
summary-biologia-traqueofitas-transpiracao-e-reposicao-rapida-de-agua,Biologia,Traqueófitas: Transpiração e Reposição Rápida de Água,Traqueófitas: Transpiração e Reposição Rápida de Água,nao-revisado
summary-biologia-virus,Biologia,Vírus,Vírus,nao-revisado
summary-biologia-acidos-nucleicos,Biologia,Ácidos Nucleicos,Ácidos Nucleicos,nao-revisado
summary-entendimento-de-texto-fatores-de-textualidade,Entendimento de Texto,Fatores de Textualidade,Fatores de Textualidade,nao-revisado
summary-entendimento-de-texto-figuras-de-linguagem,Entendimento de Texto,Figuras de Linguagem,Figuras de Linguagem,nao-revisado
summary-entendimento-de-texto-funcao-poetica-e-linguagem-literaria,Entendimento de Texto,Função Poética e Linguagem Literária,Função Poética e Linguagem Literária,nao-revisado
summary-entendimento-de-texto-funcoes-da-linguagem,Entendimento de Texto,Funções da Linguagem,Funções da Linguagem,nao-revisado
summary-entendimento-de-texto-generos-narrativos-e-niveis-de-compreensao,Entendimento de Texto,Gêneros Narrativos e Níveis de Compreensão,Gêneros Narrativos e Níveis de Compreensão,nao-revisado
summary-entendimento-de-texto-generos-textuais,Entendimento de Texto,Gêneros Textuais,Gêneros Textuais,nao-revisado
summary-entendimento-de-texto-generos-nao-verbais-fundamentos-de-leitura,Entendimento de Texto,Gêneros não Verbais: Fundamentos de Leitura,Gêneros não Verbais: Fundamentos de Leitura,nao-revisado
summary-entendimento-de-texto-intertextualidade-e-interdiscursividade,Entendimento de Texto,Intertextualidade e Interdiscursividade,Intertextualidade e Interdiscursividade,nao-revisado
summary-entendimento-de-texto-leitura-de-textos-comicos,Entendimento de Texto,Leitura de Textos Cômicos,Leitura de Textos Cômicos,nao-revisado
summary-entendimento-de-texto-modelos-de-leitura-e-distorcoes-interpretativas,Entendimento de Texto,Modelos de Leitura e Distorções Interpretativas,Modelos de Leitura e Distorções Interpretativas,nao-revisado
summary-entendimento-de-texto-os-dois-niveis-da-leitura,Entendimento de Texto,Os Dois Níveis da Leitura,Os Dois Níveis da Leitura,nao-revisado
summary-entendimento-de-texto-tecnologias-digitais-da-informacao-e-comunicacao-tdic-impactos-sociais,Entendimento de Texto,Tecnologias Digitais da Informação e Comunicação (TDIC): Impactos Sociais,Tecnologias Digitais da Informação e Comunicação (TDIC): Impactos Sociais,nao-revisado
summary-filosofia-a-alegoria-da-linha-dividida-e-o-conhecimento,Filosofia,A Alegoria da Linha Dividida e o Conhecimento,A Alegoria da Linha Dividida e o Conhecimento,nao-revisado
summary-filosofia-a-critica-da-razao-pura,Filosofia,A Crítica da Razão Pura,A Crítica da Razão Pura,nao-revisado
summary-filosofia-a-critica-de-hume-a-causalidade,Filosofia,A Crítica de Hume à Causalidade,A Crítica de Hume à Causalidade,nao-revisado
summary-filosofia-a-escola-de-frankfurt-e-a-industria-cultural,Filosofia,A Escola de Frankfurt e a Indústria Cultural,A Escola de Frankfurt e a Indústria Cultural,nao-revisado
summary-filosofia-a-luta-de-classes-na-filosofia-marxista,Filosofia,A Luta de Classes na Filosofia Marxista,A Luta de Classes na Filosofia Marxista,nao-revisado
summary-filosofia-a-relacao-entre-fe-e-razao,Filosofia,A Relação entre Fé e Razão,A Relação entre Fé e Razão,nao-revisado
summary-filosofia-a-teoria-das-ideias-de-platao,Filosofia,A Teoria das Ideias de Platão,A Teoria das Ideias de Platão,nao-revisado
summary-filosofia-a-etica-kantiana-e-o-imperativo-categorico,Filosofia,A Ética Kantiana e o Imperativo Categórico,A Ética Kantiana e o Imperativo Categórico,nao-revisado
summary-filosofia-a-etica-a-nicomaco-e-a-doutrina-do-meio-termo,Filosofia,A Ética a Nicômaco e a Doutrina do Meio-Termo,A Ética a Nicômaco e a Doutrina do Meio-Termo,nao-revisado
summary-filosofia-alienacao-e-mais-valia,Filosofia,Alienação e Mais-Valia,Alienação e Mais-Valia,nao-revisado
summary-filosofia-descartes-e-o-metodo-a-duvida-hiperbolica,Filosofia,Descartes e o Método: a Dúvida Hiperbólica,Descartes e o Método: a Dúvida Hiperbólica,nao-revisado
summary-filosofia-empirismo-britanico-locke-berkeley-e-hume,Filosofia,"Empirismo Britânico: Locke, Berkeley e Hume","Empirismo Britânico: Locke, Berkeley e Hume",nao-revisado
summary-filosofia-escolastica-e-santo-tomas-de-aquino,Filosofia,Escolástica e Santo Tomás de Aquino,Escolástica e Santo Tomás de Aquino,nao-revisado
summary-filosofia-filosofia-politica-contemporanea,Filosofia,Filosofia Política Contemporânea,Filosofia Política Contemporânea,nao-revisado
summary-filosofia-foucault-e-as-relacoes-de-poder,Filosofia,Foucault e as Relações de Poder,Foucault e as Relações de Poder,nao-revisado
summary-filosofia-hegel-e-a-dialetica,Filosofia,Hegel e a Dialética,Hegel e a Dialética,nao-revisado
summary-filosofia-heraclito-e-parmenides-o-ser-e-o-devir,Filosofia,Heráclito e Parmênides: o Ser e o Devir,Heráclito e Parmênides: o Ser e o Devir,nao-revisado
summary-filosofia-hobbes-e-o-estado-de-natureza,Filosofia,Hobbes e o Estado de Natureza,Hobbes e o Estado de Natureza,nao-revisado
summary-filosofia-justica-e-direitos-humanos,Filosofia,Justiça e Direitos Humanos,Justiça e Direitos Humanos,nao-revisado
summary-filosofia-locke-e-os-direitos-naturais,Filosofia,Locke e os Direitos Naturais,Locke e os Direitos Naturais,nao-revisado
summary-filosofia-logica-e-metafisica-aristotelicas,Filosofia,Lógica e Metafísica Aristotélicas,Lógica e Metafísica Aristotélicas,nao-revisado
summary-filosofia-nietzsche-e-a-critica-aos-valores-morais,Filosofia,Nietzsche e a Crítica aos Valores Morais,Nietzsche e a Crítica aos Valores Morais,nao-revisado
summary-filosofia-o-existencialismo-de-sartre,Filosofia,O Existencialismo de Sartre,O Existencialismo de Sartre,nao-revisado
summary-filosofia-o-ideal-iluminista-de-razao-e-progresso,Filosofia,O Ideal Iluminista de Razão e Progresso,O Ideal Iluminista de Razão e Progresso,nao-revisado
summary-filosofia-o-materialismo-historico,Filosofia,O Materialismo Histórico,O Materialismo Histórico,nao-revisado
summary-filosofia-o-mito-da-caverna,Filosofia,O Mito da Caverna,O Mito da Caverna,nao-revisado
summary-filosofia-o-metodo-socratico-e-a-maieutica,Filosofia,O Método Socrático e a Maiêutica,O Método Socrático e a Maiêutica,nao-revisado
summary-filosofia-o-nascimento-da-filosofia-do-mito-ao-logos,Filosofia,O Nascimento da Filosofia: do Mito ao Logos,O Nascimento da Filosofia: do Mito ao Logos,nao-revisado
summary-filosofia-os-filosofos-da-physis-tales-anaximandro-e-anaximenes,Filosofia,"Os Filósofos da Physis: Tales, Anaximandro e Anaxímenes","Os Filósofos da Physis: Tales, Anaximandro e Anaxímenes",nao-revisado
summary-filosofia-os-sofistas-e-a-crise-da-verdade,Filosofia,Os Sofistas e a Crise da Verdade,Os Sofistas e a Crise da Verdade,nao-revisado
summary-filosofia-patristica-e-santo-agostinho,Filosofia,Patrística e Santo Agostinho,Patrística e Santo Agostinho,nao-revisado
summary-filosofia-politica-aristotelica-o-homem-como-animal-politico,Filosofia,Política Aristotélica: o Homem como Animal Político,Política Aristotélica: o Homem como Animal Político,nao-revisado
summary-filosofia-racionalismo-continental-espinosa-e-leibniz,Filosofia,Racionalismo Continental: Espinosa e Leibniz,Racionalismo Continental: Espinosa e Leibniz,nao-revisado
summary-filosofia-rousseau-e-a-vontade-geral,Filosofia,Rousseau e a Vontade Geral,Rousseau e a Vontade Geral,nao-revisado
summary-filosofia-etica-aplicada-e-bioetica,Filosofia,Ética Aplicada e Bioética,Ética Aplicada e Bioética,nao-revisado
summary-fisica-a-forca-de-contato,Física,A Força de Contato,A Força de Contato,nao-revisado
summary-fisica-a-fisica-por-tras-da-obtencao-de-energia-eletrica-das-quedas-d-agua-aos-reatores-nucleares,Física,"A Física por trás da Obtenção de Energia Elétrica, das Quedas-d'Água aos Reatores Nucleares","A Física por trás da Obtenção de Energia Elétrica, das Quedas-d'Água aos Reatores Nucleares",nao-revisado
summary-fisica-aceleracao-vetorial,Física,Aceleração Vetorial,Aceleração Vetorial,nao-revisado
summary-fisica-analisando-movimentos-contidos-em-um-plano-vertical,Física,Analisando Movimentos Contidos em um Plano Vertical,Analisando Movimentos Contidos em um Plano Vertical,nao-revisado
summary-fisica-analise-de-forca-magnetica-em-fios-percorridos-por-correntes-continuas,Física,Análise de Força Magnética em Fios Percorridos por Correntes Contínuas,Análise de Força Magnética em Fios Percorridos por Correntes Contínuas,nao-revisado
summary-fisica-as-leis-de-newton,Física,As Leis de Newton,As Leis de Newton,nao-revisado
summary-fisica-balistica,Física,Balística,Balística,nao-revisado
summary-fisica-calor-sensivel-e-calor-latente,Física,Calor Sensível e Calor Latente,Calor Sensível e Calor Latente,nao-revisado
fis-termologia-calor,Física,"Calor, temperatura e mudanças de estado","Temperatura, Calor e seus Mecanismos de Transferência",nao-revisado
summary-fisica-campo-eletrico,Física,Campo Elétrico,Campo Elétrico,nao-revisado
summary-fisica-campo-eletrico-uniforme-abordagem-escalar-e-abordagem-vetorial,Física,Campo Elétrico Uniforme: Abordagem Escalar e Abordagem Vetorial,Campo Elétrico Uniforme: Abordagem Escalar e Abordagem Vetorial,nao-revisado
summary-fisica-campo-magnetico-devido-a-corrente-em-fio-reto-e-espira-descricao-vetorial-e-aplicacoes,Física,Campo Magnético devido à Corrente em Fio Reto e Espira: Descrição Vetorial e Aplicações,Campo Magnético devido à Corrente em Fio Reto e Espira: Descrição Vetorial e Aplicações,nao-revisado
summary-fisica-capacitores,Física,Capacitores,Capacitores,nao-revisado
summary-fisica-cinematica-escalar-conceitos-fundamentais,Física,Cinemática Escalar. Conceitos Fundamentais,Cinemática Escalar. Conceitos Fundamentais,nao-revisado
summary-fisica-circuitos-de-malha-unica,Física,Circuitos de Malha Única,Circuitos de Malha Única,nao-revisado
summary-fisica-colisoes,Física,Colisões,Colisões,nao-revisado
summary-fisica-composicao-de-movimentos,Física,Composição de Movimentos,Composição de Movimentos,nao-revisado
summary-fisica-conceitos-basicos,Física,Conceitos Básicos,Conceitos Básicos,nao-revisado
summary-fisica-corrente-eletrica,Física,Corrente Elétrica,Corrente Elétrica,nao-revisado
summary-fisica-dilatacao-ou-contracao-termica-dos-solidos-e-liquidos,Física,Dilatação ou Contração Térmica dos Sólidos e Líquidos,Dilatação ou Contração Térmica dos Sólidos e Líquidos,nao-revisado
summary-fisica-dinamica-das-cargas-eletricas,Física,Dinâmica das Cargas Elétricas,Dinâmica das Cargas Elétricas,nao-revisado
summary-fisica-dinamica-do-movimento-circular,Física,Dinâmica do Movimento Circular,Dinâmica do Movimento Circular,nao-revisado
summary-fisica-efeito-doppler-descricao-e-estudo-quantitativo,Física,Efeito Doppler: Descrição e Estudo Quantitativo,Efeito Doppler: Descrição e Estudo Quantitativo,nao-revisado
summary-fisica-eletrodinamica-as-leis-de-kirchhoff,Física,Eletrodinâmica: as Leis de Kirchhoff,Eletrodinâmica: as Leis de Kirchhoff,nao-revisado
summary-fisica-eletrostatica-processos-de-eletrizacao-e-aplicacoes,Física,Eletrostática: Processos de Eletrização e Aplicações,Eletrostática: Processos de Eletrização e Aplicações,nao-revisado
summary-fisica-energia-potencial-e-potencial-eletrico,Física,Energia Potencial e Potencial Elétrico,Energia Potencial e Potencial Elétrico,nao-revisado
summary-fisica-equacao-fundamental-da-ondulatoria,Física,Equação Fundamental da Ondulatória,Equação Fundamental da Ondulatória,em-validacao
summary-fisica-equacao-do-fabricante-de-lentes-e-associacao-de-lentes,Física,Equação do Fabricante de Lentes e Associação de Lentes,Equação do Fabricante de Lentes e Associação de Lentes,nao-revisado
summary-fisica-equivalencia-massa-energia,Física,Equivalência Massa-Energia,Equivalência Massa-Energia,nao-revisado
summary-fisica-estudo-analitico-das-lentes-esfericas,Física,Estudo Analítico das Lentes Esféricas,Estudo Analítico das Lentes Esféricas,nao-revisado
summary-fisica-estatica,Física,Estática,Estática,nao-revisado
summary-fisica-fenomenos-ondulatorios-analise-de-refracao-e-reflexao-em-cordas,Física,Fenômenos Ondulatórios: Análise de Refração e Reflexão em Cordas,Fenômenos Ondulatórios: Análise de Refração e Reflexão em Cordas,nao-revisado
summary-fisica-fenomenos-ondulatorios-difracao-polarizacao-e-ressonancia,Física,"Fenômenos Ondulatórios: Difração, Polarização e Ressonância","Fenômenos Ondulatórios: Difração, Polarização e Ressonância",nao-revisado
summary-fisica-forca-eletrica-lei-de-coulomb,Física,Força Elétrica: Lei de Coulomb,Força Elétrica: Lei de Coulomb,nao-revisado
summary-fisica-forca-magnetica-e-analise-de-lancamentos-de-cargas-em-um-campo-magnetico-uniforme,Física,Força Magnética e Análise de Lançamentos de Cargas em um Campo Magnético Uniforme,Força Magnética e Análise de Lançamentos de Cargas em um Campo Magnético Uniforme,nao-revisado
summary-fisica-forca-e-seus-tipos,Física,Força e seus Tipos,Força e seus Tipos,nao-revisado
summary-fisica-fundamentos-da-optica-geometrica,Física,Fundamentos da Óptica Geométrica,Fundamentos da Óptica Geométrica,nao-revisado
summary-fisica-gases-ideais-variaveis-de-estado-e-as-transformacoes-gasosas,Física,Gases Ideais: Variáveis de Estado e as Transformações Gasosas,Gases Ideais: Variáveis de Estado e as Transformações Gasosas,nao-revisado
summary-fisica-geradores,Física,Geradores,Geradores,nao-revisado
summary-fisica-grandezas-fisicas-e-operacoes-com-vetores,Física,Grandezas Físicas e Operações com Vetores,Grandezas Físicas e Operações com Vetores,nao-revisado
summary-fisica-hidrostatica-densidade-e-pressao,Física,Hidrostática: Densidade e Pressão,Hidrostática: Densidade e Pressão,nao-revisado
summary-fisica-impulso-e-quantidade-de-movimento,Física,Impulso e Quantidade de Movimento,Impulso e Quantidade de Movimento,nao-revisado
summary-fisica-inducao-eletromagnetica-analise-da-corrente-induzida-em-geradores,Física,Indução Eletromagnética: Análise da Corrente Induzida em Geradores,Indução Eletromagnética: Análise da Corrente Induzida em Geradores,nao-revisado
summary-fisica-inducao-eletromagnetica-lei-de-lenz,Física,Indução Eletromagnética: Lei de Lenz,Indução Eletromagnética: Lei de Lenz,nao-revisado
summary-fisica-intensidade-sonora,Física,Intensidade Sonora,Intensidade Sonora,nao-revisado
summary-fisica-interferencia-de-ondas-analise-quantitativa-aplicacoes-e-batimento,Física,"Interferência de Ondas: Análise Quantitativa, Aplicações e Batimento","Interferência de Ondas: Análise Quantitativa, Aplicações e Batimento",nao-revisado
summary-fisica-leis-da-gravitacao,Física,Leis da Gravitação,Leis da Gravitação,nao-revisado
summary-fisica-lentes-esfericas-estudo-grafico,Física,Lentes Esféricas: Estudo Gráfico,Lentes Esféricas: Estudo Gráfico,em-validacao
summary-fisica-mapeamento-do-campo-eletrico-linhas-de-forca-e-superficies-equipotenciais,Física,Mapeamento do Campo Elétrico: Linhas de Força e Superfícies Equipotenciais,Mapeamento do Campo Elétrico: Linhas de Força e Superfícies Equipotenciais,nao-revisado
summary-fisica-medidores-eletricos,Física,Medidores Elétricos,Medidores Elétricos,nao-revisado
summary-fisica-microscopio-e-luneta-astronomica-ou-telescopio-refrator-nocoes-basicas,Física,Microscópio e Luneta Astronômica (ou Telescópio Refrator): Noções Básicas,Microscópio e Luneta Astronômica (ou Telescópio Refrator): Noções Básicas,nao-revisado
summary-fisica-movimento-harmonico-simples-mhs,Física,Movimento Harmônico Simples (MHS),Movimento Harmônico Simples (MHS),nao-revisado
summary-fisica-movimento-uniforme,Física,Movimento Uniforme,Movimento Uniforme,nao-revisado
summary-fisica-movimento-uniformemente-variado,Física,Movimento Uniformemente Variado,Movimento Uniformemente Variado,nao-revisado
summary-fisica-maquinas-termicas-e-ciclo-de-carnot,Física,Máquinas Térmicas e Ciclo de Carnot,Máquinas Térmicas e Ciclo de Carnot,nao-revisado
summary-fisica-nocoes-basicas-de-fisica-quantica,Física,Noções Básicas de Física Quântica,Noções Básicas de Física Quântica,nao-revisado
summary-fisica-o-movimento-circular,Física,O Movimento Circular,O Movimento Circular,nao-revisado
summary-fisica-ondas-estacionarias-em-cordas,Física,Ondas Estacionárias em Cordas,Ondas Estacionárias em Cordas,nao-revisado
summary-fisica-ondas-estacionarias-em-tubos,Física,Ondas Estacionárias em Tubos,Ondas Estacionárias em Tubos,nao-revisado
summary-fisica-ondulatoria-ondas-eletromagneticas,Física,Ondulatória: Ondas Eletromagnéticas,Ondulatória: Ondas Eletromagnéticas,em-validacao
summary-fisica-ondulatoria-som-e-suas-propriedades,Física,Ondulatória: Som e suas Propriedades,Ondulatória: Som e suas Propriedades,em-validacao
summary-fisica-plano-inclinado,Física,Plano Inclinado,Plano Inclinado,nao-revisado
summary-fisica-potencia-eletrica,Física,Potência Elétrica,Potência Elétrica,nao-revisado
summary-fisica-potencia-maquina-e-rendimento,Física,"Potência, Máquina e Rendimento","Potência, Máquina e Rendimento",nao-revisado
summary-fisica-primeira-lei-da-termodinamica,Física,Primeira Lei da Termodinâmica,Primeira Lei da Termodinâmica,nao-revisado
summary-fisica-primeira-lei-da-termodinamica-aplicada-a-algumas-transformacoes-particulares,Física,Primeira Lei da Termodinâmica Aplicada a Algumas Transformações Particulares,Primeira Lei da Termodinâmica Aplicada a Algumas Transformações Particulares,nao-revisado
summary-fisica-receptores,Física,Receptores,Receptores,nao-revisado
summary-fisica-reflexao-em-superficies-esfericas,Física,Reflexão em Superfícies Esféricas,Reflexão em Superfícies Esféricas,nao-revisado
summary-fisica-reflexao-em-superficies-planas,Física,Reflexão em Superfícies Planas,Reflexão em Superfícies Planas,nao-revisado
summary-fisica-reflexao-eco-reverberacao-e-refracao-de-ondas,Física,"Reflexão, Eco, Reverberação e Refração de Ondas","Reflexão, Eco, Reverberação e Refração de Ondas",nao-revisado
summary-fisica-refracao-fundamentos-leis-e-aplicacoes,Física,"Refração: Fundamentos, Leis e Aplicações","Refração: Fundamentos, Leis e Aplicações",nao-revisado
summary-fisica-resistores,Física,Resistores,Resistores,nao-revisado
summary-fisica-resultante-de-um-sistema-de-forcas,Física,Resultante de um Sistema de Forças,Resultante de um Sistema de Forças,nao-revisado
summary-fisica-sistema-de-corpos-interagindo-e-os-elementos-transmissores-de-forca,Física,Sistema de Corpos Interagindo e os Elementos Transmissores de Força,Sistema de Corpos Interagindo e os Elementos Transmissores de Força,nao-revisado
summary-fisica-sistemas-conservativos-e-sistemas-nao-conservativos,Física,Sistemas Conservativos e Sistemas Não Conservativos,Sistemas Conservativos e Sistemas Não Conservativos,nao-revisado
summary-fisica-sistemas-isolados-e-a-conservacao-da-quantidade-de-movimento,Física,Sistemas Isolados e a Conservação da Quantidade de Movimento,Sistemas Isolados e a Conservação da Quantidade de Movimento,nao-revisado
summary-fisica-trabalho-da-forca-de-pressao-do-gas,Física,Trabalho da Força de Pressão do Gás,Trabalho da Força de Pressão do Gás,nao-revisado
summary-fisica-trabalho-e-energia-teorema-da-energia-cinetica,Física,Trabalho e Energia: Teorema da Energia Cinética,Trabalho e Energia: Teorema da Energia Cinética,nao-revisado
summary-fisica-trabalho-e-energia-trabalho-de-uma-forca,Física,Trabalho e Energia: Trabalho de uma Força,Trabalho e Energia: Trabalho de uma Força,nao-revisado
summary-fisica-trabalho-e-energia-o-teorema-da-energia-potencial,Física,Trabalho e Energia: o Teorema da Energia Potencial,Trabalho e Energia: o Teorema da Energia Potencial,nao-revisado
summary-fisica-um-caso-particular-de-interferencia-onda-estacionaria,Física,Um Caso Particular de Interferência: Onda Estacionária,Um Caso Particular de Interferência: Onda Estacionária,nao-revisado
summary-fisica-velocidade-vetorial,Física,Velocidade Vetorial,Velocidade Vetorial,nao-revisado
summary-fisica-imas-campo-de-inducao-magnetico-devido-a-imas-e-campo-magnetico-terrestre,Física,"Ímãs, Campo de Indução Magnético devido a Ímãs e Campo Magnético Terrestre","Ímãs, Campo de Indução Magnético devido a Ímãs e Campo Magnético Terrestre",nao-revisado
summary-fisica-optica-da-visao,Física,Óptica da Visão,Óptica da Visão,nao-revisado
summary-fisica-orbitas,Física,Órbitas,Órbitas,nao-revisado
summary-gramatica-adverbio-e-locucoes-adverbiais-circunstanciadores,Gramática,Advérbio e Locuções Adverbiais: Circunstanciadores,Advérbio e Locuções Adverbiais: Circunstanciadores,nao-revisado
summary-gramatica-ambiguidade-duplicidade-no-lexico-e-na-sintaxe,Gramática,Ambiguidade: Duplicidade no Léxico e na Sintaxe,Ambiguidade: Duplicidade no Léxico e na Sintaxe,nao-revisado
summary-gramatica-artigo-numeral-e-adjetivo-no-sintagma-nominal,Gramática,"Artigo, Numeral e Adjetivo no Sintagma Nominal","Artigo, Numeral e Adjetivo no Sintagma Nominal",nao-revisado
summary-gramatica-concordancia,Gramática,Concordância,Concordância,nao-revisado
summary-gramatica-crase,Gramática,Crase,Crase,nao-revisado
summary-gramatica-funcoes-sintaticas-nominais-e-vocativo,Gramática,Funções Sintáticas Nominais e Vocativo,Funções Sintáticas Nominais e Vocativo,nao-revisado
summary-gramatica-lingua-um-sistema-complexo,Gramática,Língua: um Sistema Complexo,Língua: um Sistema Complexo,nao-revisado
summary-gramatica-mecanismo-de-regencia,Gramática,Mecanismo de Regência,Mecanismo de Regência,nao-revisado
summary-gramatica-o-lexico-em-contexto-variadas-possibilidades-semanticas,Gramática,O Léxico em Contexto: Variadas Possibilidades Semânticas,O Léxico em Contexto: Variadas Possibilidades Semânticas,nao-revisado
summary-gramatica-oracoes-adjetivas,Gramática,Orações Adjetivas,Orações Adjetivas,nao-revisado
summary-gramatica-oracoes-adverbiais,Gramática,Orações Adverbiais,Orações Adverbiais,nao-revisado
summary-gramatica-oracoes-coordenadas,Gramática,Orações Coordenadas,Orações Coordenadas,nao-revisado
summary-gramatica-oracoes-substantivas,Gramática,Orações Substantivas,Orações Substantivas,nao-revisado
summary-gramatica-pontuacao-i-principios-para-o-uso-da-virgula,Gramática,Pontuação I: Princípios para o Uso da Vírgula,Pontuação I: Princípios para o Uso da Vírgula,nao-revisado
summary-gramatica-pontuacao-ii-virgula-entre-oracoes-e-outros-sinais-de-pontuacao,Gramática,Pontuação II: Vírgula entre Orações e Outros Sinais de Pontuação,Pontuação II: Vírgula entre Orações e Outros Sinais de Pontuação,nao-revisado
summary-gramatica-processos-de-formacao-de-palavras,Gramática,Processos de Formação de Palavras,Processos de Formação de Palavras,nao-revisado
summary-gramatica-pronomes,Gramática,Pronomes,Pronomes,nao-revisado
summary-gramatica-significados-implicitos,Gramática,Significados Implícitos,Significados Implícitos,nao-revisado
summary-gramatica-substantivo-os-nomes-e-a-visao-do-enunciador,Gramática,Substantivo: os Nomes e a Visão do Enunciador,Substantivo: os Nomes e a Visão do Enunciador,nao-revisado
summary-gramatica-tipos-de-discurso,Gramática,Tipos de Discurso,Tipos de Discurso,nao-revisado
summary-gramatica-tipos-de-sujeito,Gramática,Tipos de Sujeito,Tipos de Sujeito,nao-revisado
summary-gramatica-tipos-de-texto-explorando-elementos-concretos-e-conceitos-abstratos,Gramática,Tipos de Texto: Explorando Elementos Concretos e Conceitos Abstratos,Tipos de Texto: Explorando Elementos Concretos e Conceitos Abstratos,nao-revisado
summary-gramatica-variacao-linguistica,Gramática,Variação Linguística,Variação Linguística,nao-revisado
summary-gramatica-verbo,Gramática,Verbo,Verbo,nao-revisado
summary-gramatica-verbo-e-sintaxe-da-oracao,Gramática,Verbo e Sintaxe da Oração,Verbo e Sintaxe da Oração,nao-revisado
summary-gramatica-vozes-verbais,Gramática,Vozes Verbais,Vozes Verbais,nao-revisado
summary-literatura-a-arte-e-suas-linguagens,Literatura,A Arte e suas Linguagens,A Arte e suas Linguagens,nao-revisado
summary-literatura-a-estetica-barroca,Literatura,A Estética Barroca,A Estética Barroca,nao-revisado
summary-literatura-a-estetica-neoclassica,Literatura,A Estética Neoclássica,A Estética Neoclássica,nao-revisado
summary-literatura-a-estetica-realista,Literatura,A Estética Realista,A Estética Realista,nao-revisado
summary-literatura-a-estetica-romantica-poesia,Literatura,A Estética Romântica: Poesia,A Estética Romântica: Poesia,nao-revisado
summary-literatura-a-estetica-romantica-prosa,Literatura,A Estética Romântica: Prosa,A Estética Romântica: Prosa,nao-revisado
summary-literatura-artes-plasticas-brasileiras,Literatura,Artes Plásticas Brasileiras,Artes Plásticas Brasileiras,nao-revisado
summary-literatura-brasil-primeiros-registros,Literatura,Brasil: Primeiros Registros,Brasil: Primeiros Registros,nao-revisado
summary-literatura-cancioneiro-popular-brasileiro,Literatura,Cancioneiro Popular Brasileiro,Cancioneiro Popular Brasileiro,nao-revisado
summary-literatura-carlos-drummond-de-andrade,Literatura,Carlos Drummond de Andrade,Carlos Drummond de Andrade,nao-revisado
summary-literatura-clarice-lispector,Literatura,Clarice Lispector,Clarice Lispector,nao-revisado
summary-literatura-elementos-da-narrativa,Literatura,Elementos da Narrativa,Elementos da Narrativa,nao-revisado
summary-literatura-fernando-pessoa,Literatura,Fernando Pessoa,Fernando Pessoa,nao-revisado
summary-literatura-graciliano-ramos,Literatura,Graciliano Ramos,Graciliano Ramos,nao-revisado
summary-literatura-guimaraes-rosa,Literatura,Guimarães Rosa,Guimarães Rosa,nao-revisado
summary-literatura-joao-cabral-de-melo-neto,Literatura,João Cabral de Melo Neto,João Cabral de Melo Neto,nao-revisado
summary-literatura-literatura-lusofona-contemporanea,Literatura,Literatura Lusófona Contemporânea,Literatura Lusófona Contemporânea,nao-revisado
summary-literatura-machado-de-assis,Literatura,Machado de Assis,Machado de Assis,nao-revisado
summary-literatura-modernismo-no-brasil-primeira-geracao,Literatura,Modernismo no Brasil: Primeira Geração,Modernismo no Brasil: Primeira Geração,nao-revisado
summary-literatura-naturalismo,Literatura,Naturalismo,Naturalismo,nao-revisado
summary-literatura-parnasianismo,Literatura,Parnasianismo,Parnasianismo,nao-revisado
summary-literatura-poesia-brasileira-contemporanea,Literatura,Poesia Brasileira Contemporânea,Poesia Brasileira Contemporânea,nao-revisado
summary-literatura-poesia-brasileira-1960-1980,Literatura,Poesia Brasileira: 1960-1980,Poesia Brasileira: 1960-1980,nao-revisado
summary-literatura-poesia-concreta,Literatura,Poesia Concreta,Poesia Concreta,nao-revisado
summary-literatura-prosa-brasileira-contemporanea,Literatura,Prosa Brasileira Contemporânea,Prosa Brasileira Contemporânea,nao-revisado
summary-literatura-prosa-brasileira-1960-1980,Literatura,Prosa Brasileira: 1960-1980,Prosa Brasileira: 1960-1980,nao-revisado
summary-literatura-pre-modernismo,Literatura,Pré-Modernismo,Pré-Modernismo,nao-revisado
summary-literatura-realismo-portugues-eca-de-queiros,Literatura,Realismo Português: Eça de Queirós,Realismo Português: Eça de Queirós,nao-revisado
summary-literatura-renascimento-e-camoes,Literatura,Renascimento e Camões,Renascimento e Camões,nao-revisado
summary-literatura-segunda-geracao-modernista-poesia,Literatura,Segunda Geração Modernista: Poesia,Segunda Geração Modernista: Poesia,nao-revisado
summary-literatura-segunda-geracao-modernista-prosa,Literatura,Segunda Geração Modernista: Prosa,Segunda Geração Modernista: Prosa,nao-revisado
summary-literatura-semana-de-arte-moderna,Literatura,Semana de Arte Moderna,Semana de Arte Moderna,nao-revisado
summary-literatura-simbolismo,Literatura,Simbolismo,Simbolismo,nao-revisado
summary-literatura-teatro-brasileiro,Literatura,Teatro Brasileiro,Teatro Brasileiro,nao-revisado
summary-literatura-texto-literario-x-texto-nao-literario,Literatura,Texto Literário x Texto não Literário,Texto Literário x Texto não Literário,nao-revisado
summary-literatura-trovadorismo-e-humanismo,Literatura,Trovadorismo e Humanismo,Trovadorismo e Humanismo,nao-revisado
summary-literatura-vanguardas-artisticas,Literatura,Vanguardas Artísticas,Vanguardas Artísticas,nao-revisado
summary-lingua-inglesa-text-comprehension-bacteria,Língua Inglesa,Text Comprehension: Bacteria,Text Comprehension: Bacteria,nao-revisado
summary-lingua-inglesa-text-comprehension-calories-and-energy,Língua Inglesa,Text Comprehension: Calories and Energy,Text Comprehension: Calories and Energy,nao-revisado
summary-lingua-inglesa-text-comprehension-digital-technology,Língua Inglesa,Text Comprehension: Digital Technology,Text Comprehension: Digital Technology,nao-revisado
summary-lingua-inglesa-text-comprehension-discrimination-against-women,Língua Inglesa,Text Comprehension: Discrimination Against Women,Text Comprehension: Discrimination Against Women,nao-revisado
summary-lingua-inglesa-text-comprehension-earthquakes,Língua Inglesa,Text Comprehension: Earthquakes,Text Comprehension: Earthquakes,nao-revisado
summary-lingua-inglesa-text-comprehension-ecology-greenhouse-gases,Língua Inglesa,Text Comprehension: Ecology (Greenhouse Gases),Text Comprehension: Ecology (Greenhouse Gases),nao-revisado
summary-lingua-inglesa-text-comprehension-global-warming,Língua Inglesa,Text Comprehension: Global Warming,Text Comprehension: Global Warming,nao-revisado
summary-lingua-inglesa-text-comprehension-health-probiotics,Língua Inglesa,Text Comprehension: Health – Probiotics,Text Comprehension: Health – Probiotics,nao-revisado
summary-lingua-inglesa-text-comprehension-hurricanes,Língua Inglesa,Text Comprehension: Hurricanes,Text Comprehension: Hurricanes,nao-revisado
summary-lingua-inglesa-text-comprehension-novels-short-stories,Língua Inglesa,Text Comprehension: Novels/Short Stories,Text Comprehension: Novels/Short Stories,nao-revisado
summary-lingua-inglesa-text-comprehension-pollution,Língua Inglesa,Text Comprehension: Pollution,Text Comprehension: Pollution,nao-revisado
summary-lingua-inglesa-text-comprehension-songs-and-poems,Língua Inglesa,Text Comprehension: Songs and Poems,Text Comprehension: Songs and Poems,nao-revisado
summary-lingua-inglesa-text-comprehension-stem-cells,Língua Inglesa,Text Comprehension: Stem Cells,Text Comprehension: Stem Cells,nao-revisado
summary-lingua-inglesa-text-comprehension-taxonomy-and-terminology,Língua Inglesa,Text Comprehension: Taxonomy and Terminology,Text Comprehension: Taxonomy and Terminology,nao-revisado
summary-lingua-inglesa-text-comprehension-the-human-brain,Língua Inglesa,Text Comprehension: The Human Brain,Text Comprehension: The Human Brain,nao-revisado
summary-lingua-inglesa-text-comprehension-viruses,Língua Inglesa,Text Comprehension: Viruses,Text Comprehension: Viruses,nao-revisado
summary-lingua-inglesa-text-comprehension-women-empowerment,Língua Inglesa,Text Comprehension: Women Empowerment,Text Comprehension: Women Empowerment,nao-revisado
summary-matematica-a-geometria-metrica-plana,Matemática,A Geometria Métrica Plana,A Geometria Métrica Plana,nao-revisado
summary-matematica-a-geometria-da-proporcionalidade,Matemática,A Geometria da Proporcionalidade,A Geometria da Proporcionalidade,nao-revisado
summary-matematica-a-geometria-dos-numeros-complexos,Matemática,A Geometria dos Números Complexos,A Geometria dos Números Complexos,nao-revisado
summary-matematica-a-relacao-fundamental-da-trigonometria,Matemática,A Relação Fundamental da Trigonometria,A Relação Fundamental da Trigonometria,nao-revisado
summary-matematica-a-trigonometria-dos-numeros-reais,Matemática,A Trigonometria dos Números Reais,A Trigonometria dos Números Reais,nao-revisado
summary-matematica-composicao-de-funcoes,Matemática,Composição de Funções,Composição de Funções,nao-revisado
mat-probabilidade-contagem,Matemática,Contagem sistemática e probabilidade,Introdução às Probabilidades,nao-revisado
summary-matematica-cubos-e-paralelepipedos,Matemática,Cubos e Paralelepípedos,Cubos e Paralelepípedos,nao-revisado
summary-matematica-desigualdades,Matemática,Desigualdades,Desigualdades,nao-revisado
summary-matematica-determinantes,Matemática,Determinantes,Determinantes,nao-revisado
summary-matematica-discussao-de-sistemas-lineares,Matemática,Discussão de Sistemas Lineares,Discussão de Sistemas Lineares,nao-revisado
summary-matematica-distancia-entre-um-ponto-e-uma-reta,Matemática,Distância entre um Ponto e uma Reta,Distância entre um Ponto e uma Reta,nao-revisado
summary-matematica-equacoes-polinomiais,Matemática,Equações Polinomiais,Equações Polinomiais,nao-revisado
summary-matematica-equacoes-do-2-grau,Matemática,Equações do 2º Grau,Equações do 2º Grau,nao-revisado
summary-matematica-equacoes-e-funcoes-logaritmicas,Matemática,Equações e Funções Logarítmicas,Equações e Funções Logarítmicas,nao-revisado
summary-matematica-estatistica-descritiva,Matemática,Estatística Descritiva,Estatística Descritiva,nao-revisado
summary-matematica-estudo-analitico-da-reta,Matemática,Estudo Analítico da Reta,Estudo Analítico da Reta,nao-revisado
summary-matematica-estudo-do-sinal-de-funcoes,Matemática,Estudo do Sinal de Funções,Estudo do Sinal de Funções,nao-revisado
summary-matematica-eventos-disjuntos-e-eventos-independentes,Matemática,Eventos Disjuntos e Eventos Independentes,Eventos Disjuntos e Eventos Independentes,nao-revisado
summary-matematica-funcao-constante-e-funcao-afim,Matemática,Função Constante e Função Afim,Função Constante e Função Afim,nao-revisado
summary-matematica-funcao-quadratica,Matemática,Função Quadrática,Função Quadrática,nao-revisado
summary-matematica-funcoes-bijetoras,Matemática,Funções Bijetoras,Funções Bijetoras,nao-revisado
summary-matematica-funcoes-trigonometricas,Matemática,Funções Trigonométricas,Funções Trigonométricas,nao-revisado
summary-matematica-identificacao-de-simetrias-i,Matemática,Identificação de Simetrias I,Identificação de Simetrias I,nao-revisado
summary-matematica-identificacao-de-simetrias-ii,Matemática,Identificação de Simetrias II,Identificação de Simetrias II,nao-revisado
summary-matematica-igualdades,Matemática,Igualdades,Igualdades,nao-revisado
summary-matematica-introducao-ao-estudo-analitico-das-conicas,Matemática,Introdução ao Estudo Analítico das Cônicas,Introdução ao Estudo Analítico das Cônicas,nao-revisado
summary-matematica-introducao-ao-modelo-exponencial,Matemática,Introdução ao Modelo Exponencial,Introdução ao Modelo Exponencial,nao-revisado
summary-matematica-introducao-aos-logaritmos,Matemática,Introdução aos Logaritmos,Introdução aos Logaritmos,nao-revisado
summary-matematica-introducao-a-geometria-analitica,Matemática,Introdução à Geometria Analítica,Introdução à Geometria Analítica,nao-revisado
summary-matematica-introducao-a-geometria-plana,Matemática,Introdução à Geometria Plana,Introdução à Geometria Plana,nao-revisado
summary-matematica-introducao-a-teoria-dos-numeros-inteiros,Matemática,Introdução à Teoria dos Números Inteiros,Introdução à Teoria dos Números Inteiros,nao-revisado
summary-matematica-introducao-as-funcoes,Matemática,Introdução às Funções,Introdução às Funções,nao-revisado
summary-matematica-introducao-as-sequencias,Matemática,Introdução às Sequências,Introdução às Sequências,nao-revisado
summary-matematica-introducao-as-tecnicas-de-contagem,Matemática,Introdução às Técnicas de Contagem,Introdução às Técnicas de Contagem,nao-revisado
summary-matematica-inversao-de-funcoes,Matemática,Inversão de Funções,Inversão de Funções,nao-revisado
summary-matematica-lugar-geometrico-e-equacao-da-circunferencia,Matemática,Lugar Geométrico e Equação da Circunferência,Lugar Geométrico e Equação da Circunferência,nao-revisado
summary-matematica-modelagem-algebrica-de-problemas-i,Matemática,Modelagem Algébrica de Problemas I,Modelagem Algébrica de Problemas I,nao-revisado
summary-matematica-modelagem-algebrica-de-problemas-ii,Matemática,Modelagem Algébrica de Problemas II,Modelagem Algébrica de Problemas II,nao-revisado
summary-matematica-modelagem-exponencial-de-problemas,Matemática,Modelagem Exponencial de Problemas,Modelagem Exponencial de Problemas,nao-revisado
summary-matematica-multiplicacao-de-matrizes,Matemática,Multiplicação de Matrizes,Multiplicação de Matrizes,nao-revisado
summary-matematica-medias,Matemática,Médias,Médias,nao-revisado
summary-matematica-modulo-de-um-numero-real,Matemática,Módulo de um Número Real,Módulo de um Número Real,nao-revisado
summary-matematica-numeros-complexos,Matemática,Números Complexos,Números Complexos,nao-revisado
summary-matematica-o-ponto-medio-e-o-baricentro-de-um-triangulo,Matemática,O Ponto Médio e o Baricentro de um Triângulo,O Ponto Médio e o Baricentro de um Triângulo,nao-revisado
summary-matematica-o-problema-da-fila,Matemática,O Problema da Fila,O Problema da Fila,nao-revisado
summary-matematica-o-problema-do-grupo,Matemática,O Problema do Grupo,O Problema do Grupo,nao-revisado
summary-matematica-o-sistema-de-numeracao-decimal,Matemática,O Sistema de Numeração Decimal,O Sistema de Numeração Decimal,nao-revisado
summary-matematica-o-universo-tridimensional,Matemática,O Universo Tridimensional,O Universo Tridimensional,nao-revisado
summary-matematica-operacoes-com-probabilidades,Matemática,Operações com Probabilidades,Operações com Probabilidades,nao-revisado
summary-matematica-outras-razoes-trigonometricas,Matemática,Outras Razões Trigonométricas,Outras Razões Trigonométricas,nao-revisado
summary-matematica-piramides,Matemática,Pirâmides,Pirâmides,nao-revisado
summary-matematica-polinomios,Matemática,Polinômios,Polinômios,nao-revisado
summary-matematica-porcentagem,Matemática,Porcentagem,Porcentagem,nao-revisado
summary-matematica-posicoes-relativas-entre-duas-retas,Matemática,Posições Relativas entre Duas Retas,Posições Relativas entre Duas Retas,nao-revisado
summary-matematica-posicoes-relativas-entre-uma-reta-e-uma-circunferencia,Matemática,Posições Relativas entre uma Reta e uma Circunferência,Posições Relativas entre uma Reta e uma Circunferência,nao-revisado
summary-matematica-potencias-e-radicais,Matemática,Potências e Radicais,Potências e Radicais,nao-revisado
summary-matematica-prismas,Matemática,Prismas,Prismas,nao-revisado
summary-matematica-progressao-aritmetica,Matemática,Progressão Aritmética,Progressão Aritmética,nao-revisado
summary-matematica-progressao-geometrica,Matemática,Progressão Geométrica,Progressão Geométrica,nao-revisado
summary-matematica-razao-e-proporcao,Matemática,Razão e Proporção,Razão e Proporção,nao-revisado
summary-matematica-razoes-entre-volumes-de-solidos,Matemática,Razões entre Volumes de Sólidos,Razões entre Volumes de Sólidos,nao-revisado
summary-matematica-razoes-entre-areas-de-figuras-planas,Matemática,Razões entre Áreas de Figuras Planas,Razões entre Áreas de Figuras Planas,nao-revisado
summary-matematica-relacoes-trigonometricas-em-poligonos,Matemática,Relações Trigonométricas em Polígonos,Relações Trigonométricas em Polígonos,nao-revisado
summary-matematica-representacao-geometrica-de-inequacoes,Matemática,Representação Geométrica de Inequações,Representação Geométrica de Inequações,nao-revisado
summary-matematica-semelhanca-de-triangulos,Matemática,Semelhança de Triângulos,Semelhança de Triângulos,nao-revisado
summary-matematica-sequencias,Matemática,Sequências,Sequências,nao-revisado
summary-matematica-simetrias-e-congruencias,Matemática,Simetrias e Congruências,Simetrias e Congruências,nao-revisado
summary-matematica-sistemas-de-equacoes,Matemática,Sistemas de Equações,Sistemas de Equações,nao-revisado
summary-matematica-solidos-de-revolucao,Matemática,Sólidos de Revolução,Sólidos de Revolução,nao-revisado
summary-matematica-tabelas-e-matrizes,Matemática,Tabelas e Matrizes,Tabelas e Matrizes,nao-revisado
summary-matematica-transformacoes-trigonometricas,Matemática,Transformações Trigonométricas,Transformações Trigonométricas,nao-revisado
summary-matematica-transformacoes-em-graficos-de-funcoes,Matemática,Transformações em Gráficos de Funções,Transformações em Gráficos de Funções,nao-revisado
summary-matematica-trigonometria-no-triangulo-retangulo,Matemática,Trigonometria no Triângulo Retângulo,Trigonometria no Triângulo Retângulo,nao-revisado
summary-matematica-triangulo-retangulo,Matemática,Triângulo Retângulo,Triângulo Retângulo,nao-revisado
summary-matematica-tecnicas-algebricas,Matemática,Técnicas Algébricas,Técnicas Algébricas,nao-revisado
summary-matematica-tecnicas-de-contagem,Matemática,Técnicas de Contagem,Técnicas de Contagem,nao-revisado
summary-matematica-area-do-circulo-e-de-suas-partes,Matemática,Área do Círculo e de suas Partes,Área do Círculo e de suas Partes,nao-revisado
summary-matematica-areas-de-figuras-planas,Matemática,Áreas de Figuras Planas,Áreas de Figuras Planas,nao-revisado
summary-matematica-areas-de-poligonos,Matemática,Áreas de Polígonos,Áreas de Polígonos,nao-revisado
summary-matematica-angulos-e-circunferencias,Matemática,Ângulos e Circunferências,Ângulos e Circunferências,nao-revisado
summary-matematica-angulos-em-poligonos,Matemática,Ângulos em Polígonos,Ângulos em Polígonos,nao-revisado
summary-matematica-angulos-em-triangulos,Matemática,Ângulos em Triângulos,Ângulos em Triângulos,nao-revisado
summary-quimica-acidez-e-basicidade-pka,Química,Acidez e Basicidade (pKa),Acidez e Basicidade (pKa),nao-revisado
summary-quimica-aspectos-quantitativos-da-eletroquimica-e-metalurgia,Química,Aspectos Quantitativos da Eletroquímica e Metalurgia,Aspectos Quantitativos da Eletroquímica e Metalurgia,nao-revisado
summary-quimica-cinetica-quimica,Química,Cinética Química,Cinética Química,nao-revisado
summary-quimica-combustiveis-fosseis,Química,Combustíveis Fósseis,Combustíveis Fósseis,nao-revisado
summary-quimica-composicao-da-materia-estados-fisicos,Química,Composição da Matéria: Estados Físicos,Composição da Matéria: Estados Físicos,nao-revisado
summary-quimica-calculos-estequiometricos,Química,Cálculos Estequiométricos,Cálculos Estequiométricos,nao-revisado
summary-quimica-deslocamento-de-equilibrio,Química,Deslocamento de Equilíbrio,Deslocamento de Equilíbrio,nao-revisado
summary-quimica-determinacao-de-formulas-quimicas,Química,Determinação de Fórmulas Químicas,Determinação de Fórmulas Químicas,nao-revisado
summary-quimica-dispersoes,Química,Dispersões,Dispersões,nao-revisado
summary-quimica-efeitos-coligativos,Química,Efeitos Coligativos,Efeitos Coligativos,nao-revisado
summary-quimica-eletroquimica-de-processos-espontaneos,Química,Eletroquímica de Processos Espontâneos,Eletroquímica de Processos Espontâneos,nao-revisado
summary-quimica-eletroquimica-de-processos-nao-espontaneos,Química,Eletroquímica de Processos não Espontâneos,Eletroquímica de Processos não Espontâneos,nao-revisado
summary-quimica-equacoes-ionicas-e-outras-teorias-para-acidos-e-bases,Química,Equações Iônicas e outras Teorias para Ácidos e Bases,Equações Iônicas e outras Teorias para Ácidos e Bases,nao-revisado
qui-equilibrio-acidificacao,Química,"Equilíbrio químico, acidez e intemperismo",Equilíbrios Químicos I,nao-revisado
summary-quimica-equilibrios-ionicos,Química,Equilíbrios Iônicos,Equilíbrios Iônicos,nao-revisado
summary-quimica-equilibrios-ionicos-ii,Química,Equilíbrios Iônicos II,Equilíbrios Iônicos II,nao-revisado
summary-quimica-estequiometria-leis-ponderais,Química,Estequiometria: Leis Ponderais,Estequiometria: Leis Ponderais,nao-revisado
summary-quimica-estudo-dos-gases-ii,Química,Estudo dos Gases II,Estudo dos Gases II,nao-revisado
summary-quimica-evolucao-dos-modelos-atomicos,Química,Evolução dos Modelos Atômicos,Evolução dos Modelos Atômicos,em-validacao
summary-quimica-geometria-molecular,Química,Geometria Molecular,Geometria Molecular,nao-revisado
summary-quimica-interacoes-intermoleculares,Química,Interações Intermoleculares,Interações Intermoleculares,nao-revisado
summary-quimica-interpretando-reacoes-organicas,Química,Interpretando Reações Orgânicas,Interpretando Reações Orgânicas,nao-revisado
summary-quimica-introducao-ao-estudo-das-pilhas-e-baterias,Química,Introdução ao Estudo das Pilhas e Baterias,Introdução ao Estudo das Pilhas e Baterias,nao-revisado
summary-quimica-introducao-a-quimica-organica,Química,Introdução à Química Orgânica,Introdução à Química Orgânica,nao-revisado
summary-quimica-isomeria,Química,Isomeria,Isomeria,nao-revisado
summary-quimica-ligacoes-quimicas-e-alotropia,Química,Ligações Químicas e Alotropia,Ligações Químicas e Alotropia,nao-revisado
summary-quimica-massa-atomica-mol-e-massa-molar,Química,"Massa Atômica, Mol e Massa Molar","Massa Atômica, Mol e Massa Molar",nao-revisado
summary-quimica-nomenclatura-de-compostos-organicos,Química,Nomenclatura de Compostos Orgânicos,Nomenclatura de Compostos Orgânicos,nao-revisado
summary-quimica-nomenclatura-de-compostos-organicos-oxigenados-e-nitrogenados,Química,Nomenclatura de Compostos Orgânicos Oxigenados e Nitrogenados,Nomenclatura de Compostos Orgânicos Oxigenados e Nitrogenados,nao-revisado
summary-quimica-o-estado-gasoso,Química,O Estado Gasoso,O Estado Gasoso,nao-revisado
summary-quimica-organizacao-da-tabela-periodica-dos-elementos,Química,Organização da Tabela Periódica dos Elementos,Organização da Tabela Periódica dos Elementos,nao-revisado
summary-quimica-polaridade-das-ligacoes-e-das-moleculas,Química,Polaridade das Ligações e das Moléculas,Polaridade das Ligações e das Moléculas,nao-revisado
summary-quimica-polimeros,Química,Polímeros,Polímeros,nao-revisado
summary-quimica-processos-de-oxirreducao,Química,Processos de Oxirredução,Processos de Oxirredução,nao-revisado
summary-quimica-quimica-ambiental,Química,Química Ambiental,Química Ambiental,nao-revisado
summary-quimica-quimica-inorganica,Química,Química Inorgânica,Química Inorgânica,nao-revisado
summary-quimica-radioatividade-o-estudo-das-radiacoes,Química,Radioatividade: o Estudo das Radiações,Radioatividade: o Estudo das Radiações,nao-revisado
summary-quimica-reacoes-de-adicao,Química,Reações de Adição,Reações de Adição,nao-revisado
summary-quimica-reacoes-de-oxidacao-em-hidrocarbonetos,Química,Reações de Oxidação em Hidrocarbonetos,Reações de Oxidação em Hidrocarbonetos,nao-revisado
summary-quimica-reacoes-de-substituicao,Química,Reações de Substituição,Reações de Substituição,nao-revisado
summary-quimica-reconhecimento-de-funcoes-organicas-e-algumas-de-suas-propriedades,Química,Reconhecimento de Funções Orgânicas e Algumas de suas Propriedades,Reconhecimento de Funções Orgânicas e Algumas de suas Propriedades,nao-revisado
summary-quimica-separacao-de-misturas,Química,Separação de Misturas,Separação de Misturas,nao-revisado
summary-quimica-termoquimica-i,Química,Termoquímica I,Termoquímica I,em-validacao
summary-quimica-termoquimica-ii,Química,Termoquímica II,Termoquímica II,em-validacao
summary-quimica-transesterificacao-alcoolise,Química,Transesterificação (Alcoólise),Transesterificação (Alcoólise),nao-revisado
summary-quimica-transformacoes-fisicas-e-quimicas-e-balanceamento-de-equacoes,Química,Transformações Físicas e Químicas e Balanceamento de Equações,Transformações Físicas e Químicas e Balanceamento de Equações,nao-revisado
summary-quimica-acidos-graxos-e-esterificacao,Química,Ácidos Graxos e Esterificação,Ácidos Graxos e Esterificação,nao-revisado
summary-quimica-alcoois,Química,Álcoois,Álcoois,nao-revisado
summary-redacao-a-dissertacao-no-vestibular-mitos-e-verdades,Redação,A Dissertação no Vestibular: Mitos e Verdades,A Dissertação no Vestibular: Mitos e Verdades,nao-revisado
summary-redacao-analisando-tema-abstrato-de-redacao,Redação,Analisando Tema Abstrato de Redação,Analisando Tema Abstrato de Redação,nao-revisado
summary-redacao-analisando-tema-de-redacao-cidadania-e-poder,Redação,Analisando Tema de Redação: Cidadania e Poder,Analisando Tema de Redação: Cidadania e Poder,nao-revisado
summary-redacao-analisando-tema-de-redacao-corpo-saude-e-sexualidade,Redação,"Analisando Tema de Redação: Corpo, Saúde e Sexualidade","Analisando Tema de Redação: Corpo, Saúde e Sexualidade",nao-revisado
summary-redacao-analisando-tema-de-redacao-educacao-e-trabalho,Redação,Analisando Tema de Redação: Educação e Trabalho,Analisando Tema de Redação: Educação e Trabalho,nao-revisado
summary-redacao-analisando-tema-de-redacao-meio-ambiente,Redação,Analisando Tema de Redação: Meio Ambiente,Analisando Tema de Redação: Meio Ambiente,nao-revisado
summary-redacao-analisando-tema-de-redacao-midia-e-sociedade,Redação,Analisando Tema de Redação: Mídia e Sociedade,Analisando Tema de Redação: Mídia e Sociedade,nao-revisado
summary-redacao-analisando-tema-de-redacao-violencia-leis-e-punicao,Redação,"Analisando Tema de Redação: Violência, Leis e Punição","Analisando Tema de Redação: Violência, Leis e Punição",nao-revisado
summary-redacao-analisando-o-tema-de-redacao-arte-cultura-e-relacoes-sociais,Redação,"Analisando o Tema de Redação: Arte, Cultura e Relações Sociais","Analisando o Tema de Redação: Arte, Cultura e Relações Sociais",nao-revisado
summary-redacao-argumentacao-quase-logica-e-efeito-de-verdade,Redação,Argumentação Quase-Lógica e Efeito de Verdade,Argumentação Quase-Lógica e Efeito de Verdade,nao-revisado
summary-redacao-argumentacao-e-coerencia-externa,Redação,Argumentação e Coerência Externa,Argumentação e Coerência Externa,nao-revisado
summary-redacao-argumentacao-e-coerencia-interna,Redação,Argumentação e Coerência Interna,Argumentação e Coerência Interna,nao-revisado
summary-redacao-argumentacao-auditorio-particular-e-universal,Redação,Argumentação: Auditório Particular e Universal,Argumentação: Auditório Particular e Universal,nao-revisado
summary-redacao-coesao-no-texto-dissertativo-analise-de-problemas,Redação,Coesão no Texto Dissertativo: Análise de Problemas,Coesão no Texto Dissertativo: Análise de Problemas,nao-revisado
summary-redacao-conclusao-por-sintese-ou-retomada-da-tese,Redação,Conclusão por Síntese ou Retomada da Tese,Conclusão por Síntese ou Retomada da Tese,nao-revisado
summary-redacao-conclusao-sumarizacao-focalizacao-e-expressividade,Redação,"Conclusão: Sumarização, Focalização e Expressividade","Conclusão: Sumarização, Focalização e Expressividade",nao-revisado
summary-redacao-diferentes-graus-de-adequacao-a-proposta,Redação,Diferentes Graus de Adequação à Proposta,Diferentes Graus de Adequação à Proposta,nao-revisado
summary-redacao-estrutura-classica-do-texto-dissertativo,Redação,Estrutura Clássica do Texto Dissertativo,Estrutura Clássica do Texto Dissertativo,nao-revisado
summary-redacao-generos-e-sua-relacao-com-a-estrutura-do-texto,Redação,Gêneros e sua Relação com a Estrutura do Texto,Gêneros e sua Relação com a Estrutura do Texto,nao-revisado
summary-redacao-incrementando-o-repertorio-arte-cultura-e-relacoes-sociais,Redação,"Incrementando o Repertório: Arte, Cultura e Relações Sociais","Incrementando o Repertório: Arte, Cultura e Relações Sociais",nao-revisado
summary-redacao-incrementando-o-repertorio-cidadania-e-poder,Redação,Incrementando o Repertório: Cidadania e Poder,Incrementando o Repertório: Cidadania e Poder,nao-revisado
summary-redacao-incrementando-o-repertorio-corpo-saude-e-sexualidade,Redação,"Incrementando o Repertório: Corpo, Saúde e Sexualidade","Incrementando o Repertório: Corpo, Saúde e Sexualidade",nao-revisado
summary-redacao-incrementando-o-repertorio-educacao-e-trabalho,Redação,Incrementando o Repertório: Educação e Trabalho,Incrementando o Repertório: Educação e Trabalho,nao-revisado
summary-redacao-incrementando-o-repertorio-meio-ambiente,Redação,Incrementando o Repertório: Meio Ambiente,Incrementando o Repertório: Meio Ambiente,nao-revisado
summary-redacao-incrementando-o-repertorio-midia-e-sociedade,Redação,Incrementando o Repertório: Mídia e Sociedade,Incrementando o Repertório: Mídia e Sociedade,nao-revisado
summary-redacao-incrementando-o-repertorio-temas-abstratos,Redação,Incrementando o Repertório: Temas Abstratos,Incrementando o Repertório: Temas Abstratos,nao-revisado
summary-redacao-incrementando-o-repertorio-violencia-leis-e-punicao,Redação,"Incrementando o Repertório: Violência, Leis e Punição","Incrementando o Repertório: Violência, Leis e Punição",nao-revisado
summary-redacao-lendo-a-coletanea-a-apreensao-de-sentidos-i,Redação,Lendo a Coletânea: a Apreensão de Sentidos I,Lendo a Coletânea: a Apreensão de Sentidos I,nao-revisado
summary-redacao-lendo-a-coletanea-a-apreensao-de-sentidos-ii,Redação,Lendo a Coletânea: a Apreensão de Sentidos II,Lendo a Coletânea: a Apreensão de Sentidos II,nao-revisado
summary-redacao-lendo-a-coletanea-a-compreensao-e-o-texto-autoral-i,Redação,Lendo a Coletânea: a Compreensão e o Texto Autoral I,Lendo a Coletânea: a Compreensão e o Texto Autoral I,nao-revisado
summary-redacao-lendo-a-coletanea-a-compreensao-e-o-texto-autoral-ii,Redação,Lendo a Coletânea: a Compreensão e o Texto Autoral II,Lendo a Coletânea: a Compreensão e o Texto Autoral II,nao-revisado
summary-redacao-o-que-se-avalia-na-dissertacao-competencias-e-habilidades,Redação,O que se Avalia na Dissertação: Competências e Habilidades,O que se Avalia na Dissertação: Competências e Habilidades,nao-revisado
summary-redacao-organizando-as-ideias-brainstorm-e-mind-maps,Redação,Organizando as Ideias: Brainstorm e Mind Maps,Organizando as Ideias: Brainstorm e Mind Maps,nao-revisado
summary-redacao-os-direitos-humanos-de-1-geracao-direitos-individuais,Redação,Os Direitos Humanos de 1ª Geração: Direitos Individuais,Os Direitos Humanos de 1ª Geração: Direitos Individuais,nao-revisado
summary-redacao-os-direitos-humanos-de-2-e-3-geracao-direitos-sociais-coletivos-e-difusos,Redação,"Os Direitos Humanos de 2ª e 3ª Geração: Direitos Sociais, Coletivos e Difusos","Os Direitos Humanos de 2ª e 3ª Geração: Direitos Sociais, Coletivos e Difusos",nao-revisado
summary-redacao-paragrafo-de-introducao-delimitando-a-opiniao,Redação,Parágrafo de Introdução: Delimitando a Opinião,Parágrafo de Introdução: Delimitando a Opinião,nao-revisado
summary-redacao-paragrafo-de-introducao-como-contextualizar,Redação,Parágrafo de Introdução: como Contextualizar,Parágrafo de Introdução: como Contextualizar,nao-revisado
summary-redacao-projeto-de-texto-em-favor-da-progressao-textual,Redação,Projeto de Texto em Favor da Progressão Textual,Projeto de Texto em Favor da Progressão Textual,nao-revisado
summary-redacao-proposta-de-intervencao-atores-sociais-e-cidadania,Redação,Proposta de Intervenção: Atores Sociais e Cidadania,Proposta de Intervenção: Atores Sociais e Cidadania,nao-revisado
summary-redacao-proposta-de-intervencao-coerencia-argumentativa,Redação,Proposta de Intervenção: Coerência Argumentativa,Proposta de Intervenção: Coerência Argumentativa,nao-revisado
summary-redacao-proposta-de-intervencao-respeito-aos-direitos-humanos,Redação,Proposta de Intervenção: Respeito aos Direitos Humanos,Proposta de Intervenção: Respeito aos Direitos Humanos,nao-revisado
summary-redacao-proposta-de-intervencao-viabilizacao-e-inovacao,Redação,Proposta de Intervenção: Viabilização e Inovação,Proposta de Intervenção: Viabilização e Inovação,nao-revisado
summary-redacao-qual-sera-o-tema-deste-ano-grandes-eixos-tematicos,Redação,Qual Será o Tema deste Ano: Grandes Eixos Temáticos,Qual Será o Tema deste Ano: Grandes Eixos Temáticos,nao-revisado
summary-redacao-recursos-argumentativos-dados-numericos-e-exemplos,Redação,Recursos Argumentativos: Dados Numéricos e Exemplos,Recursos Argumentativos: Dados Numéricos e Exemplos,nao-revisado
summary-redacao-recursos-argumentativos-fatos-da-atualidade,Redação,Recursos Argumentativos: Fatos da Atualidade,Recursos Argumentativos: Fatos da Atualidade,nao-revisado
summary-redacao-recursos-argumentativos-interdiscursividade-e-intertextualidade,Redação,Recursos Argumentativos: Interdiscursividade e Intertextualidade,Recursos Argumentativos: Interdiscursividade e Intertextualidade,nao-revisado
summary-redacao-recursos-argumentativos-multiplos-dominios-do-saber,Redação,Recursos Argumentativos: Múltiplos Domínios do Saber,Recursos Argumentativos: Múltiplos Domínios do Saber,nao-revisado
summary-redacao-recursos-argumentativos-temas-de-redacao-ja-analisados,Redação,Recursos Argumentativos: Temas de Redação já Analisados,Recursos Argumentativos: Temas de Redação já Analisados,nao-revisado
summary-redacao-recursos-argumentativos-vozes-prestigiadas,Redação,Recursos Argumentativos: Vozes Prestigiadas,Recursos Argumentativos: Vozes Prestigiadas,nao-revisado
summary-redacao-recursos-linguisticos-norma-clareza-e-expressividade,Redação,"Recursos Linguísticos: Norma, Clareza e Expressividade","Recursos Linguísticos: Norma, Clareza e Expressividade",nao-revisado
summary-redacao-recursos-de-coesao-referencial-no-texto-dissertativo,Redação,Recursos de Coesão Referencial no Texto Dissertativo,Recursos de Coesão Referencial no Texto Dissertativo,nao-revisado
summary-redacao-recursos-de-coesao-sequencial-no-texto-dissertativo,Redação,Recursos de Coesão Sequencial no Texto Dissertativo,Recursos de Coesão Sequencial no Texto Dissertativo,nao-revisado
summary-redacao-redacoes-nota-1000-trunfos-a-inspirar,Redação,Redações Nota 1000: Trunfos a Inspirar,Redações Nota 1000: Trunfos a Inspirar,nao-revisado
summary-redacao-redacoes-na-midia-como-aprimorar,Redação,Redações na Mídia: como Aprimorar,Redações na Mídia: como Aprimorar,nao-revisado
summary-redacao-refutando-o-ponto-contrario,Redação,Refutando o Ponto Contrário,Refutando o Ponto Contrário,nao-revisado
summary-redacao-repertorio-o-diferencial-de-redacoes-de-sucesso,Redação,Repertório: o Diferencial de Redações de Sucesso,Repertório: o Diferencial de Redações de Sucesso,nao-revisado
summary-redacao-ressalvando-o-ponto-de-vista-contrario,Redação,Ressalvando o Ponto de Vista Contrário,Ressalvando o Ponto de Vista Contrário,nao-revisado
summary-redacao-tangenciamento-e-fuga-a-fronteira-do-tema,Redação,Tangenciamento e Fuga: a Fronteira do Tema,Tangenciamento e Fuga: a Fronteira do Tema,nao-revisado
summary-sociologia-a-luta-de-classes-na-analise-sociologica,Sociologia,A Luta de Classes na Análise Sociológica,A Luta de Classes na Análise Sociológica,nao-revisado
summary-sociologia-a-sociedade-da-informacao,Sociologia,A Sociedade da Informação,A Sociedade da Informação,nao-revisado
summary-sociologia-anomia-e-coesao-social,Sociologia,Anomia e Coesão Social,Anomia e Coesão Social,nao-revisado
summary-sociologia-cidadania-e-direitos,Sociologia,Cidadania e Direitos,Cidadania e Direitos,nao-revisado
summary-sociologia-classes-sociais-e-mobilidade-social,Sociologia,Classes Sociais e Mobilidade Social,Classes Sociais e Mobilidade Social,nao-revisado
summary-sociologia-cultura-e-etnocentrismo,Sociologia,Cultura e Etnocentrismo,Cultura e Etnocentrismo,nao-revisado
summary-sociologia-democracia-e-participacao-politica,Sociologia,Democracia e Participação Política,Democracia e Participação Política,nao-revisado
summary-sociologia-desigualdade-racial-no-brasil,Sociologia,Desigualdade Racial no Brasil,Desigualdade Racial no Brasil,nao-revisado
summary-sociologia-desigualdade-de-genero,Sociologia,Desigualdade de Gênero,Desigualdade de Gênero,nao-revisado
summary-sociologia-divisao-social-do-trabalho,Sociologia,Divisão Social do Trabalho,Divisão Social do Trabalho,nao-revisado
summary-sociologia-dominacao-e-poder-em-weber,Sociologia,Dominação e Poder em Weber,Dominação e Poder em Weber,nao-revisado
summary-sociologia-educacao-e-socializacao-em-durkheim,Sociologia,Educação e Socialização em Durkheim,Educação e Socialização em Durkheim,nao-revisado
summary-sociologia-globalizacao-economica-e-cultural,Sociologia,Globalização Econômica e Cultural,Globalização Econômica e Cultural,nao-revisado
summary-sociologia-identidade-e-diferenca,Sociologia,Identidade e Diferença,Identidade e Diferença,nao-revisado
summary-sociologia-ideologia-e-alienacao,Sociologia,Ideologia e Alienação,Ideologia e Alienação,nao-revisado
summary-sociologia-modo-de-producao-e-estrutura-social,Sociologia,Modo de Produção e Estrutura Social,Modo de Produção e Estrutura Social,nao-revisado
summary-sociologia-movimentos-sociais-classicos-e-contemporaneos,Sociologia,Movimentos Sociais Clássicos e Contemporâneos,Movimentos Sociais Clássicos e Contemporâneos,nao-revisado
summary-sociologia-multiculturalismo-e-relativismo-cultural,Sociologia,Multiculturalismo e Relativismo Cultural,Multiculturalismo e Relativismo Cultural,nao-revisado
summary-sociologia-o-contexto-historico-do-surgimento-da-sociologia,Sociologia,O Contexto Histórico do Surgimento da Sociologia,O Contexto Histórico do Surgimento da Sociologia,nao-revisado
summary-sociologia-o-estado-nacao-na-era-global,Sociologia,O Estado-Nação na Era Global,O Estado-Nação na Era Global,nao-revisado
summary-sociologia-o-que-e-o-fato-social,Sociologia,O que é o Fato Social,O que é o Fato Social,nao-revisado
summary-sociologia-precarizacao-e-uberizacao-do-trabalho,Sociologia,Precarização e Uberização do Trabalho,Precarização e Uberização do Trabalho,nao-revisado
summary-sociologia-sociologia-e-senso-comum,Sociologia,Sociologia e Senso Comum,Sociologia e Senso Comum,nao-revisado
summary-sociologia-solidariedade-mecanica-e-solidariedade-organica,Sociologia,Solidariedade Mecânica e Solidariedade Orgânica,Solidariedade Mecânica e Solidariedade Orgânica,nao-revisado
summary-sociologia-tipos-de-acao-social,Sociologia,Tipos de Ação Social,Tipos de Ação Social,nao-revisado
summary-sociologia-transformacoes-no-mundo-do-trabalho,Sociologia,Transformações no Mundo do Trabalho,Transformações no Mundo do Trabalho,nao-revisado
summary-sociologia-etica-protestante-e-o-espirito-do-capitalismo,Sociologia,Ética Protestante e o Espírito do Capitalismo,Ética Protestante e o Espírito do Capitalismo,nao-revisado
