ID,Matéria,Capítulo,Artefato,Controles/opções desktop,Controles/opções celular,Registro técnico,Aprovação pedagógica formal
summary-matematica-potencias-e-radicais,Matemática,Potências e Radicais,powers,2,2,concluído em ambas as larguras,não promovida
summary-matematica-razao-e-proporcao,Matemática,Razão e Proporção,razao-proporcao,1,1,concluído em ambas as larguras,não promovida
summary-matematica-porcentagem,Matemática,Porcentagem,porcentagem,1,1,concluído em ambas as larguras,não promovida
summary-matematica-o-sistema-de-numeracao-decimal,Matemática,O Sistema de Numeração Decimal,sistema-decimal,1,1,concluído em ambas as larguras,não promovida
summary-matematica-introducao-a-teoria-dos-numeros-inteiros,Matemática,Introdução à Teoria dos Números Inteiros,numeros-inteiros,1,1,concluído em ambas as larguras,não promovida
summary-matematica-introducao-as-sequencias,Matemática,Introdução às Sequências,progressoes,0,0,concluído em ambas as larguras,não promovida
summary-matematica-progressao-aritmetica,Matemática,Progressão Aritmética,progressao-aritmetica,1,1,concluído em ambas as larguras,não promovida
summary-matematica-progressao-geometrica,Matemática,Progressão Geométrica,progressao-geometrica,1,1,concluído em ambas as larguras,não promovida
summary-matematica-sequencias,Matemática,Sequências,progressoes,0,0,concluído em ambas as larguras,não promovida
summary-matematica-sistemas-de-equacoes,Matemática,Sistemas de Equações,sistemas-equacoes,1,1,concluído em ambas as larguras,não promovida
summary-matematica-tabelas-e-matrizes,Matemática,Tabelas e Matrizes,tabelas-matrizes,1,1,concluído em ambas as larguras,não promovida
summary-matematica-multiplicacao-de-matrizes,Matemática,Multiplicação de Matrizes,multiplicacao-matrizes,1,1,concluído em ambas as larguras,não promovida
summary-matematica-determinantes,Matemática,Determinantes,determinantes,1,1,concluído em ambas as larguras,não promovida
summary-matematica-discussao-de-sistemas-lineares,Matemática,Discussão de Sistemas Lineares,discussao-sistemas,1,1,concluído em ambas as larguras,não promovida
summary-matematica-medias,Matemática,Médias,medias,1,1,concluído em ambas as larguras,não promovida
summary-matematica-introducao-as-tecnicas-de-contagem,Matemática,Introdução às Técnicas de Contagem,contagem,0,0,concluído em ambas as larguras,não promovida
summary-matematica-o-problema-da-fila,Matemática,O Problema da Fila,problema-fila,1,1,concluído em ambas as larguras,não promovida
summary-matematica-o-problema-do-grupo,Matemática,O Problema do Grupo,problema-grupo,1,1,concluído em ambas as larguras,não promovida
summary-matematica-tecnicas-de-contagem,Matemática,Técnicas de Contagem,contagem,0,0,concluído em ambas as larguras,não promovida
summary-matematica-operacoes-com-probabilidades,Matemática,Operações com Probabilidades,operacoes-probabilidades,1,1,concluído em ambas as larguras,não promovida
summary-matematica-eventos-disjuntos-e-eventos-independentes,Matemática,Eventos Disjuntos e Eventos Independentes,eventos,1,1,concluído em ambas as larguras,não promovida
summary-matematica-estatistica-descritiva,Matemática,Estatística Descritiva,estatistica-descritiva,1,1,concluído em ambas as larguras,não promovida
summary-matematica-introducao-a-geometria-plana,Matemática,Introdução à Geometria Plana,geometria-plana-fundamentos,1,1,concluído em ambas as larguras,não promovida
summary-matematica-angulos-em-triangulos,Matemática,Ângulos em Triângulos,angulos-triangulo,1,1,concluído em ambas as larguras,não promovida
summary-matematica-angulos-em-poligonos,Matemática,Ângulos em Polígonos,angulos-poligono,1,1,concluído em ambas as larguras,não promovida
summary-matematica-angulos-e-circunferencias,Matemática,Ângulos e Circunferências,angulos-circunferencia,1,1,concluído em ambas as larguras,não promovida
summary-matematica-simetrias-e-congruencias,Matemática,Simetrias e Congruências,simetrias-congruencias,1,1,concluído em ambas as larguras,não promovida
summary-matematica-identificacao-de-simetrias-i,Matemática,Identificação de Simetrias I,simetrias-i,1,1,concluído em ambas as larguras,não promovida
summary-matematica-identificacao-de-simetrias-ii,Matemática,Identificação de Simetrias II,simetrias-ii,1,1,concluído em ambas as larguras,não promovida
summary-matematica-a-geometria-da-proporcionalidade,Matemática,A Geometria da Proporcionalidade,geometria-proporcionalidade,1,1,concluído em ambas as larguras,não promovida
summary-matematica-semelhanca-de-triangulos,Matemática,Semelhança de Triângulos,semelhanca-triangulos,1,1,concluído em ambas as larguras,não promovida
summary-matematica-o-ponto-medio-e-o-baricentro-de-um-triangulo,Matemática,O Ponto Médio e o Baricentro de um Triângulo,ponto-medio,2,2,concluído em ambas as larguras,não promovida
summary-matematica-triangulo-retangulo,Matemática,Triângulo Retângulo,triangulo-retangulo-metrico,1,1,concluído em ambas as larguras,não promovida
summary-matematica-a-geometria-metrica-plana,Matemática,A Geometria Métrica Plana,geometria-metrica-plana,1,1,concluído em ambas as larguras,não promovida
summary-matematica-areas-de-poligonos,Matemática,Áreas de Polígonos,areas-poligonos,1,1,concluído em ambas as larguras,não promovida
summary-matematica-area-do-circulo-e-de-suas-partes,Matemática,Área do Círculo e de suas Partes,area-circulo-partes,1,1,concluído em ambas as larguras,não promovida
summary-matematica-razoes-entre-areas-de-figuras-planas,Matemática,Razões entre Áreas de Figuras Planas,razoes-areas-planas,1,1,concluído em ambas as larguras,não promovida
summary-matematica-areas-de-figuras-planas,Matemática,Áreas de Figuras Planas,areas-figuras-planas,1,1,concluído em ambas as larguras,não promovida
summary-matematica-trigonometria-no-triangulo-retangulo,Matemática,Trigonometria no Triângulo Retângulo,trigonometria-triangulo,1,1,concluído em ambas as larguras,não promovida
summary-matematica-relacoes-trigonometricas-em-poligonos,Matemática,Relações Trigonométricas em Polígonos,trig-poligonos,1,1,concluído em ambas as larguras,não promovida
summary-matematica-a-trigonometria-dos-numeros-reais,Matemática,A Trigonometria dos Números Reais,trigonometria,0,0,concluído em ambas as larguras,não promovida
summary-matematica-outras-razoes-trigonometricas,Matemática,Outras Razões Trigonométricas,outras-razoes-trig,1,1,concluído em ambas as larguras,não promovida
summary-matematica-a-relacao-fundamental-da-trigonometria,Matemática,A Relação Fundamental da Trigonometria,trigonometria,0,0,concluído em ambas as larguras,não promovida
summary-matematica-transformacoes-trigonometricas,Matemática,Transformações Trigonométricas,transformacoes-trigonometricas,2,2,concluído em ambas as larguras,não promovida
summary-matematica-funcoes-trigonometricas,Matemática,Funções Trigonométricas,funcoes-trigonometricas,2,2,concluído em ambas as larguras,não promovida
summary-matematica-o-universo-tridimensional,Matemática,O Universo Tridimensional,universo-tridimensional,1,1,concluído em ambas as larguras,não promovida
summary-matematica-cubos-e-paralelepipedos,Matemática,Cubos e Paralelepípedos,cubos-paralelepipedos,6,6,concluído em ambas as larguras,não promovida
summary-matematica-prismas,Matemática,Prismas,prismas,7,7,concluído em ambas as larguras,não promovida
summary-matematica-piramides,Matemática,Pirâmides,piramides,7,7,concluído em ambas as larguras,não promovida
summary-matematica-solidos-de-revolucao,Matemática,Sólidos de Revolução,solidos-de-revolucao,5,5,concluído em ambas as larguras,não promovida
summary-matematica-razoes-entre-volumes-de-solidos,Matemática,Razões entre Volumes de Sólidos,razoes-entre-volumes,5,5,concluído em ambas as larguras,não promovida
summary-matematica-introducao-a-geometria-analitica,Matemática,Introdução à Geometria Analítica,geometria-analitica,2,2,concluído em ambas as larguras,não promovida
summary-matematica-estudo-analitico-da-reta,Matemática,Estudo Analítico da Reta,reta-analitica,2,2,concluído em ambas as larguras,não promovida
summary-matematica-posicoes-relativas-entre-duas-retas,Matemática,Posições Relativas entre Duas Retas,duas-retas,2,2,concluído em ambas as larguras,não promovida
summary-matematica-distancia-entre-um-ponto-e-uma-reta,Matemática,Distância entre um Ponto e uma Reta,distancia-ponto-reta,2,2,concluído em ambas as larguras,não promovida
summary-matematica-introducao-ao-estudo-analitico-das-conicas,Matemática,Introdução ao Estudo Analítico das Cônicas,conicas,1,1,concluído em ambas as larguras,não promovida
summary-matematica-representacao-geometrica-de-inequacoes,Matemática,Representação Geométrica de Inequações,representacao-geometrica-inequacoes,1,1,concluído em ambas as larguras,não promovida
summary-matematica-a-geometria-dos-numeros-complexos,Matemática,A Geometria dos Números Complexos,complexos,2,2,concluído em ambas as larguras,não promovida
summary-matematica-tecnicas-algebricas,Matemática,Técnicas Algébricas,tecnicas-algebricas,1,1,concluído em ambas as larguras,não promovida
summary-matematica-igualdades,Matemática,Igualdades,igualdades,1,1,concluído em ambas as larguras,não promovida
summary-matematica-desigualdades,Matemática,Desigualdades,desigualdades,1,1,concluído em ambas as larguras,não promovida
summary-matematica-modelagem-algebrica-de-problemas-i,Matemática,Modelagem Algébrica de Problemas I,modelagem-algebrica-i,1,1,concluído em ambas as larguras,não promovida
summary-matematica-equacoes-do-2-grau,Matemática,Equações do 2º Grau,segundo-grau,0,0,concluído em ambas as larguras,não promovida
summary-matematica-modelagem-algebrica-de-problemas-ii,Matemática,Modelagem Algébrica de Problemas II,modelagem-algebrica-ii,1,1,concluído em ambas as larguras,não promovida
summary-matematica-introducao-as-funcoes,Matemática,Introdução às Funções,funcoes-introducao,2,2,concluído em ambas as larguras,não promovida
summary-matematica-transformacoes-em-graficos-de-funcoes,Matemática,Transformações em Gráficos de Funções,transformacoes-graficos,2,2,concluído em ambas as larguras,não promovida
summary-matematica-composicao-de-funcoes,Matemática,Composição de Funções,composicao-funcoes,1,1,concluído em ambas as larguras,não promovida
summary-matematica-inversao-de-funcoes,Matemática,Inversão de Funções,inversao-funcoes,2,2,concluído em ambas as larguras,não promovida
summary-matematica-funcoes-bijetoras,Matemática,Funções Bijetoras,funcoes-bijetoras,1,1,concluído em ambas as larguras,não promovida
summary-matematica-funcao-constante-e-funcao-afim,Matemática,Função Constante e Função Afim,funcao-afim,2,2,concluído em ambas as larguras,não promovida
summary-matematica-funcao-quadratica,Matemática,Função Quadrática,funcao-quadratica,2,2,concluído em ambas as larguras,não promovida
summary-matematica-estudo-do-sinal-de-funcoes,Matemática,Estudo do Sinal de Funções,estudo-do-sinal,2,2,concluído em ambas as larguras,não promovida
summary-matematica-introducao-ao-modelo-exponencial,Matemática,Introdução ao Modelo Exponencial,exponencial,0,0,concluído em ambas as larguras,não promovida
summary-matematica-introducao-aos-logaritmos,Matemática,Introdução aos Logaritmos,logaritmos,0,0,concluído em ambas as larguras,não promovida
summary-matematica-equacoes-e-funcoes-logaritmicas,Matemática,Equações e Funções Logarítmicas,funcoes-logaritmicas,2,2,concluído em ambas as larguras,não promovida
summary-matematica-modelagem-exponencial-de-problemas,Matemática,Modelagem Exponencial de Problemas,modelagem-exponencial,2,2,concluído em ambas as larguras,não promovida
summary-matematica-modulo-de-um-numero-real,Matemática,Módulo de um Número Real,modulo-real,2,2,concluído em ambas as larguras,não promovida
summary-matematica-numeros-complexos,Matemática,Números Complexos,complexos,2,2,concluído em ambas as larguras,não promovida
summary-matematica-polinomios,Matemática,Polinômios,polinomios,2,2,concluído em ambas as larguras,não promovida
summary-matematica-equacoes-polinomiais,Matemática,Equações Polinomiais,equacoes-polinomiais,2,2,concluído em ambas as larguras,não promovida
mat-probabilidade-contagem,Matemática,Contagem sistemática e probabilidade,probabilidade-pares,1,1,concluído em ambas as larguras,não promovida
fis-termologia-calor,Física,"Calor, temperatura e mudanças de estado",calorimetria,0,0,concluído em ambas as larguras,não promovida
summary-fisica-cinematica-escalar-conceitos-fundamentais,Física,Cinemática Escalar. Conceitos Fundamentais,cinematica,1,1,concluído em ambas as larguras,não promovida
summary-fisica-movimento-uniforme,Física,Movimento Uniforme,movimento-uniforme,1,1,concluído em ambas as larguras,não promovida
summary-fisica-movimento-uniformemente-variado,Física,Movimento Uniformemente Variado,movimento-uniformemente-variado,1,1,concluído em ambas as larguras,não promovida
summary-fisica-o-movimento-circular,Física,O Movimento Circular,movimento-circular,1,1,concluído em ambas as larguras,não promovida
summary-fisica-grandezas-fisicas-e-operacoes-com-vetores,Física,Grandezas Físicas e Operações com Vetores,grandezas-vetores,1,1,concluído em ambas as larguras,não promovida
summary-fisica-velocidade-vetorial,Física,Velocidade Vetorial,velocidade-vetorial,1,1,concluído em ambas as larguras,não promovida
summary-fisica-composicao-de-movimentos,Física,Composição de Movimentos,composicao-movimentos,1,1,concluído em ambas as larguras,não promovida
summary-fisica-aceleracao-vetorial,Física,Aceleração Vetorial,grade-de-eixos,4,4,concluído em ambas as larguras,não promovida
summary-fisica-forca-e-seus-tipos,Física,Força e seus Tipos,forcas-vetores,4,4,concluído em ambas as larguras,não promovida
summary-fisica-resultante-de-um-sistema-de-forcas,Física,Resultante de um Sistema de Forças,resultante-forcas,1,1,concluído em ambas as larguras,não promovida
summary-fisica-as-leis-de-newton,Física,As Leis de Newton,leis-newton,2,0,concluído em ambas as larguras,não promovida
summary-fisica-a-forca-de-contato,Física,A Força de Contato,forca-contato,1,1,concluído em ambas as larguras,não promovida
summary-fisica-sistema-de-corpos-interagindo-e-os-elementos-transmissores-de-forca,Física,Sistema de Corpos Interagindo e os Elementos Transmissores de Força,corpos-interagindo,1,1,concluído em ambas as larguras,não promovida
summary-fisica-plano-inclinado,Física,Plano Inclinado,plano-inclinado,1,1,concluído em ambas as larguras,não promovida
summary-fisica-leis-da-gravitacao,Física,Leis da Gravitação,gravidade,1,1,concluído em ambas as larguras,não promovida
summary-fisica-dinamica-do-movimento-circular,Física,Dinâmica do Movimento Circular,dinamica-circular,1,1,concluído em ambas as larguras,não promovida
summary-fisica-analisando-movimentos-contidos-em-um-plano-vertical,Física,Analisando Movimentos Contidos em um Plano Vertical,plano-vertical,1,1,concluído em ambas as larguras,não promovida
summary-fisica-orbitas,Física,Órbitas,orbitas,1,1,concluído em ambas as larguras,não promovida
summary-fisica-balistica,Física,Balística,balistica,1,1,concluído em ambas as larguras,não promovida
summary-fisica-movimento-harmonico-simples-mhs,Física,Movimento Harmônico Simples (MHS),mhs,1,1,concluído em ambas as larguras,não promovida
summary-fisica-impulso-e-quantidade-de-movimento,Física,Impulso e Quantidade de Movimento,impulso,1,1,concluído em ambas as larguras,não promovida
summary-fisica-sistemas-isolados-e-a-conservacao-da-quantidade-de-movimento,Física,Sistemas Isolados e a Conservação da Quantidade de Movimento,conservacao-momento,1,1,concluído em ambas as larguras,não promovida
summary-fisica-colisoes,Física,Colisões,colisoes-momento-energia,2,2,concluído em ambas as larguras,não promovida
summary-fisica-trabalho-e-energia-trabalho-de-uma-forca,Física,Trabalho e Energia: Trabalho de uma Força,trabalho-forca,1,1,concluído em ambas as larguras,não promovida
summary-fisica-trabalho-e-energia-teorema-da-energia-cinetica,Física,Trabalho e Energia: Teorema da Energia Cinética,energia-cinetica,1,1,concluído em ambas as larguras,não promovida
summary-fisica-trabalho-e-energia-o-teorema-da-energia-potencial,Física,Trabalho e Energia: o Teorema da Energia Potencial,energia-potencial,1,1,concluído em ambas as larguras,não promovida
summary-fisica-sistemas-conservativos-e-sistemas-nao-conservativos,Física,Sistemas Conservativos e Sistemas Não Conservativos,nao-conservativo,1,1,concluído em ambas as larguras,não promovida
summary-fisica-potencia-maquina-e-rendimento,Física,"Potência, Máquina e Rendimento",potencia,1,1,concluído em ambas as larguras,não promovida
summary-fisica-a-fisica-por-tras-da-obtencao-de-energia-eletrica-das-quedas-d-agua-aos-reatores-nucleares,Física,"A Física por trás da Obtenção de Energia Elétrica, das Quedas-d'Água aos Reatores Nucleares",geracao-eletrica,4,4,concluído em ambas as larguras,não promovida
summary-fisica-equivalencia-massa-energia,Física,Equivalência Massa-Energia,massa-energia,1,1,concluído em ambas as larguras,não promovida
summary-fisica-estatica,Física,Estática,criterios-conjuntivos,2,2,concluído em ambas as larguras,não promovida
summary-fisica-hidrostatica-densidade-e-pressao,Física,Hidrostática: Densidade e Pressão,hidrostatica,0,0,concluído em ambas as larguras,não promovida
summary-fisica-dilatacao-ou-contracao-termica-dos-solidos-e-liquidos,Física,Dilatação ou Contração Térmica dos Sólidos e Líquidos,cadeia-de-derivacao,3,3,concluído em ambas as larguras,não promovida
summary-fisica-calor-sensivel-e-calor-latente,Física,Calor Sensível e Calor Latente,calorimetria,0,0,concluído em ambas as larguras,não promovida
summary-fisica-gases-ideais-variaveis-de-estado-e-as-transformacoes-gasosas,Física,Gases Ideais: Variáveis de Estado e as Transformações Gasosas,transformacoes-pv,2,2,concluído em ambas as larguras,não promovida
summary-fisica-trabalho-da-forca-de-pressao-do-gas,Física,Trabalho da Força de Pressão do Gás,trabalho-gas,1,1,concluído em ambas as larguras,não promovida
summary-fisica-primeira-lei-da-termodinamica,Física,Primeira Lei da Termodinâmica,primeira-lei,1,1,concluído em ambas as larguras,não promovida
summary-fisica-primeira-lei-da-termodinamica-aplicada-a-algumas-transformacoes-particulares,Física,Primeira Lei da Termodinâmica Aplicada a Algumas Transformações Particulares,adiabatica,0,0,concluído em ambas as larguras,não promovida
summary-fisica-maquinas-termicas-e-ciclo-de-carnot,Física,Máquinas Térmicas e Ciclo de Carnot,ciclo-carnot,1,1,concluído em ambas as larguras,não promovida
summary-fisica-eletrostatica-processos-de-eletrizacao-e-aplicacoes,Física,Eletrostática: Processos de Eletrização e Aplicações,eletrizacao-cargas,2,2,concluído em ambas as larguras,não promovida
summary-fisica-forca-eletrica-lei-de-coulomb,Física,Força Elétrica: Lei de Coulomb,lei-coulomb,1,1,concluído em ambas as larguras,não promovida
summary-fisica-campo-eletrico,Física,Campo Elétrico,campo-eletrico,1,1,concluído em ambas as larguras,não promovida
summary-fisica-energia-potencial-e-potencial-eletrico,Física,Energia Potencial e Potencial Elétrico,potencial-eletrico,1,1,concluído em ambas as larguras,não promovida
summary-fisica-mapeamento-do-campo-eletrico-linhas-de-forca-e-superficies-equipotenciais,Física,Mapeamento do Campo Elétrico: Linhas de Força e Superfícies Equipotenciais,mapeamento-campo-eletrico,1,1,concluído em ambas as larguras,não promovida
summary-fisica-campo-eletrico-uniforme-abordagem-escalar-e-abordagem-vetorial,Física,Campo Elétrico Uniforme: Abordagem Escalar e Abordagem Vetorial,campo-uniforme,1,1,concluído em ambas as larguras,não promovida
summary-fisica-dinamica-das-cargas-eletricas,Física,Dinâmica das Cargas Elétricas,dinamica-cargas,1,1,concluído em ambas as larguras,não promovida
summary-fisica-corrente-eletrica,Física,Corrente Elétrica,corrente-eletrica,1,1,concluído em ambas as larguras,não promovida
summary-fisica-potencia-eletrica,Física,Potência Elétrica,potencia-eletrica,1,1,concluído em ambas as larguras,não promovida
summary-fisica-resistores,Física,Resistores,resistores,1,1,concluído em ambas as larguras,não promovida
summary-fisica-medidores-eletricos,Física,Medidores Elétricos,medidores-eletricos,1,1,concluído em ambas as larguras,não promovida
summary-fisica-geradores,Física,Geradores,geradores-eletricos,1,1,concluído em ambas as larguras,não promovida
summary-fisica-receptores,Física,Receptores,receptores-eletricos,1,1,concluído em ambas as larguras,não promovida
summary-fisica-circuitos-de-malha-unica,Física,Circuitos de Malha Única,circuitos,0,0,concluído em ambas as larguras,não promovida
summary-fisica-eletrodinamica-as-leis-de-kirchhoff,Física,Eletrodinâmica: as Leis de Kirchhoff,leis-kirchhoff,1,1,concluído em ambas as larguras,não promovida
summary-fisica-capacitores,Física,Capacitores,capacitores,1,1,concluído em ambas as larguras,não promovida
summary-fisica-imas-campo-de-inducao-magnetico-devido-a-imas-e-campo-magnetico-terrestre,Física,"Ímãs, Campo de Indução Magnético devido a Ímãs e Campo Magnético Terrestre",imas-campo-terrestre,1,1,concluído em ambas as larguras,não promovida
summary-fisica-campo-magnetico-devido-a-corrente-em-fio-reto-e-espira-descricao-vetorial-e-aplicacoes,Física,Campo Magnético devido à Corrente em Fio Reto e Espira: Descrição Vetorial e Aplicações,fio-espira,1,1,concluído em ambas as larguras,não promovida
summary-fisica-forca-magnetica-e-analise-de-lancamentos-de-cargas-em-um-campo-magnetico-uniforme,Física,Força Magnética e Análise de Lançamentos de Cargas em um Campo Magnético Uniforme,carga-em-b,1,1,concluído em ambas as larguras,não promovida
summary-fisica-analise-de-forca-magnetica-em-fios-percorridos-por-correntes-continuas,Física,Análise de Força Magnética em Fios Percorridos por Correntes Contínuas,fios-paralelos,1,1,concluído em ambas as larguras,não promovida
summary-fisica-inducao-eletromagnetica-lei-de-lenz,Física,Indução Eletromagnética: Lei de Lenz,lenz,2,2,concluído em ambas as larguras,não promovida
summary-fisica-inducao-eletromagnetica-analise-da-corrente-induzida-em-geradores,Física,Indução Eletromagnética: Análise da Corrente Induzida em Geradores,gerador-inducao,2,2,concluído em ambas as larguras,não promovida
summary-fisica-fundamentos-da-optica-geometrica,Física,Fundamentos da Óptica Geométrica,fundamentos-optica,1,1,concluído em ambas as larguras,não promovida
summary-fisica-reflexao-em-superficies-planas,Física,Reflexão em Superfícies Planas,espelho-plano,1,1,concluído em ambas as larguras,não promovida
summary-fisica-reflexao-em-superficies-esfericas,Física,Reflexão em Superfícies Esféricas,espelho-esferico,1,1,concluído em ambas as larguras,não promovida
summary-fisica-refracao-fundamentos-leis-e-aplicacoes,Física,"Refração: Fundamentos, Leis e Aplicações",refracao,1,1,concluído em ambas as larguras,não promovida
summary-fisica-lentes-esfericas-estudo-grafico,Física,Lentes Esféricas: Estudo Gráfico,lentes,2,2,concluído em ambas as larguras,não promovida
summary-fisica-estudo-analitico-das-lentes-esfericas,Física,Estudo Analítico das Lentes Esféricas,lentes,8,8,concluído em ambas as larguras,não promovida
summary-fisica-equacao-do-fabricante-de-lentes-e-associacao-de-lentes,Física,Equação do Fabricante de Lentes e Associação de Lentes,lentes,4,4,concluído em ambas as larguras,não promovida
summary-fisica-optica-da-visao,Física,Óptica da Visão,defeitos-visao,1,1,concluído em ambas as larguras,não promovida
summary-fisica-microscopio-e-luneta-astronomica-ou-telescopio-refrator-nocoes-basicas,Física,Microscópio e Luneta Astronômica (ou Telescópio Refrator): Noções Básicas,microscopio-luneta,1,1,concluído em ambas as larguras,não promovida
summary-fisica-conceitos-basicos,Física,Conceitos Básicos,conceitos-ondas,1,1,concluído em ambas as larguras,não promovida
summary-fisica-equacao-fundamental-da-ondulatoria,Física,Equação Fundamental da Ondulatória,ondulatoria,3,3,concluído em ambas as larguras,não promovida
summary-fisica-ondulatoria-ondas-eletromagneticas,Física,Ondulatória: Ondas Eletromagnéticas,ondulatoria,3,3,concluído em ambas as larguras,não promovida
summary-fisica-ondulatoria-som-e-suas-propriedades,Física,Ondulatória: Som e suas Propriedades,ondulatoria,3,3,concluído em ambas as larguras,não promovida
summary-fisica-intensidade-sonora,Física,Intensidade Sonora,intensidade-sonora,1,1,concluído em ambas as larguras,não promovida
summary-fisica-reflexao-eco-reverberacao-e-refracao-de-ondas,Física,"Reflexão, Eco, Reverberação e Refração de Ondas",eco-refracao,1,1,concluído em ambas as larguras,não promovida
summary-fisica-fenomenos-ondulatorios-analise-de-refracao-e-reflexao-em-cordas,Física,Fenômenos Ondulatórios: Análise de Refração e Reflexão em Cordas,reflexao-cordas,1,1,concluído em ambas as larguras,não promovida
summary-fisica-fenomenos-ondulatorios-difracao-polarizacao-e-ressonancia,Física,"Fenômenos Ondulatórios: Difração, Polarização e Ressonância",difracao-polarizacao,3,3,concluído em ambas as larguras,não promovida
summary-fisica-interferencia-de-ondas-analise-quantitativa-aplicacoes-e-batimento,Física,"Interferência de Ondas: Análise Quantitativa, Aplicações e Batimento",interferencia-ondas,1,1,concluído em ambas as larguras,não promovida
summary-fisica-um-caso-particular-de-interferencia-onda-estacionaria,Física,Um Caso Particular de Interferência: Onda Estacionária,onda-estacionaria,1,1,concluído em ambas as larguras,não promovida
summary-fisica-ondas-estacionarias-em-cordas,Física,Ondas Estacionárias em Cordas,ondas-cordas,1,1,concluído em ambas as larguras,não promovida
summary-fisica-ondas-estacionarias-em-tubos,Física,Ondas Estacionárias em Tubos,ondas-tubos,1,1,concluído em ambas as larguras,não promovida
summary-fisica-efeito-doppler-descricao-e-estudo-quantitativo,Física,Efeito Doppler: Descrição e Estudo Quantitativo,efeito-doppler,1,1,concluído em ambas as larguras,não promovida
summary-fisica-nocoes-basicas-de-fisica-quantica,Física,Noções Básicas de Física Quântica,fisica-quantica,1,1,concluído em ambas as larguras,não promovida
summary-quimica-evolucao-dos-modelos-atomicos,Química,Evolução dos Modelos Atômicos,modelos-atomicos,4,2,concluído em ambas as larguras,não promovida
summary-quimica-organizacao-da-tabela-periodica-dos-elementos,Química,Organização da Tabela Periódica dos Elementos,tipologia,3,3,concluído em ambas as larguras,não promovida
summary-quimica-radioatividade-o-estudo-das-radiacoes,Química,Radioatividade: o Estudo das Radiações,tipologia,2,2,concluído em ambas as larguras,não promovida
summary-quimica-ligacoes-quimicas-e-alotropia,Química,Ligações Químicas e Alotropia,ligacoes,0,0,concluído em ambas as larguras,não promovida
summary-quimica-geometria-molecular,Química,Geometria Molecular,tipologia,5,5,concluído em ambas as larguras,não promovida
summary-quimica-polaridade-das-ligacoes-e-das-moleculas,Química,Polaridade das Ligações e das Moléculas,criterios-conjuntivos,6,6,concluído em ambas as larguras,não promovida
summary-quimica-interacoes-intermoleculares,Química,Interações Intermoleculares,escala-de-graus,2,2,concluído em ambas as larguras,não promovida
summary-quimica-composicao-da-materia-estados-fisicos,Química,Composição da Matéria: Estados Físicos,tipologia,2,2,concluído em ambas as larguras,não promovida
summary-quimica-o-estado-gasoso,Química,O Estado Gasoso,gas-state,1,1,concluído em ambas as larguras,não promovida
summary-quimica-estudo-dos-gases-ii,Química,Estudo dos Gases II,gas-law,1,1,concluído em ambas as larguras,não promovida
summary-quimica-separacao-de-misturas,Química,Separação de Misturas,separation,1,1,concluído em ambas as larguras,não promovida
summary-quimica-transformacoes-fisicas-e-quimicas-e-balanceamento-de-equacoes,Química,Transformações Físicas e Químicas e Balanceamento de Equações,balancing,1,1,concluído em ambas as larguras,não promovida
summary-quimica-massa-atomica-mol-e-massa-molar,Química,"Massa Atômica, Mol e Massa Molar",mole,1,1,concluído em ambas as larguras,não promovida
summary-quimica-determinacao-de-formulas-quimicas,Química,Determinação de Fórmulas Químicas,formula,1,1,concluído em ambas as larguras,não promovida
summary-quimica-estequiometria-leis-ponderais,Química,Estequiometria: Leis Ponderais,leis-ponderais,0,0,concluído em ambas as larguras,não promovida
summary-quimica-calculos-estequiometricos,Química,Cálculos Estequiométricos,stoichiometry,1,1,concluído em ambas as larguras,não promovida
summary-quimica-quimica-inorganica,Química,Química Inorgânica,tipologia,3,3,concluído em ambas as larguras,não promovida
summary-quimica-equacoes-ionicas-e-outras-teorias-para-acidos-e-bases,Química,Equações Iônicas e outras Teorias para Ácidos e Bases,acido-base,6,3,concluído em ambas as larguras,não promovida
summary-quimica-processos-de-oxirreducao,Química,Processos de Oxirredução,redox,1,1,concluído em ambas as larguras,não promovida
summary-quimica-quimica-ambiental,Química,Química Ambiental,cadeia-de-derivacao,2,2,concluído em ambas as larguras,não promovida
summary-quimica-introducao-a-quimica-organica,Química,Introdução à Química Orgânica,carbon-chain,1,1,concluído em ambas as larguras,não promovida
summary-quimica-nomenclatura-de-compostos-organicos,Química,Nomenclatura de Compostos Orgânicos,organic-name,1,1,concluído em ambas as larguras,não promovida
summary-quimica-nomenclatura-de-compostos-organicos-oxigenados-e-nitrogenados,Química,Nomenclatura de Compostos Orgânicos Oxigenados e Nitrogenados,tipologia,0,0,concluído em ambas as larguras,não promovida
summary-quimica-reconhecimento-de-funcoes-organicas-e-algumas-de-suas-propriedades,Química,Reconhecimento de Funções Orgânicas e Algumas de suas Propriedades,tipologia,0,0,concluído em ambas as larguras,não promovida
summary-quimica-isomeria,Química,Isomeria,tipologia,0,0,concluído em ambas as larguras,não promovida
summary-quimica-combustiveis-fosseis,Química,Combustíveis Fósseis,tipologia,3,3,concluído em ambas as larguras,não promovida
summary-quimica-interpretando-reacoes-organicas,Química,Interpretando Reações Orgânicas,tipologia,0,0,concluído em ambas as larguras,não promovida
summary-quimica-reacoes-de-substituicao,Química,Reações de Substituição,tipologia,0,0,concluído em ambas as larguras,não promovida
summary-quimica-reacoes-de-adicao,Química,Reações de Adição,addition,1,1,concluído em ambas as larguras,não promovida
summary-quimica-reacoes-de-oxidacao-em-hidrocarbonetos,Química,Reações de Oxidação em Hidrocarbonetos,oxidation,1,1,concluído em ambas as larguras,não promovida
summary-quimica-alcoois,Química,Álcoois,escala-de-graus,0,0,concluído em ambas as larguras,não promovida
summary-quimica-acidos-graxos-e-esterificacao,Química,Ácidos Graxos e Esterificação,esterification,1,1,concluído em ambas as larguras,não promovida
summary-quimica-transesterificacao-alcoolise,Química,Transesterificação (Alcoólise),biodiesel,1,1,concluído em ambas as larguras,não promovida
summary-quimica-acidez-e-basicidade-pka,Química,Acidez e Basicidade (pKa),acidity,1,1,concluído em ambas as larguras,não promovida
summary-quimica-polimeros,Química,Polímeros,polymer,1,1,concluído em ambas as larguras,não promovida
summary-quimica-dispersoes,Química,Dispersões,dispersoes,0,0,concluído em ambas as larguras,não promovida
summary-quimica-efeitos-coligativos,Química,Efeitos Coligativos,tipologia,3,3,concluído em ambas as larguras,não promovida
summary-quimica-termoquimica-i,Química,Termoquímica I,termoquimica,2,2,concluído em ambas as larguras,não promovida
summary-quimica-termoquimica-ii,Química,Termoquímica II,termoquimica,0,0,concluído em ambas as larguras,não promovida
summary-quimica-cinetica-quimica,Química,Cinética Química,escala-de-graus,2,2,concluído em ambas as larguras,não promovida
summary-quimica-introducao-ao-estudo-das-pilhas-e-baterias,Química,Introdução ao Estudo das Pilhas e Baterias,pilhas-baterias,1,1,concluído em ambas as larguras,não promovida
summary-quimica-eletroquimica-de-processos-espontaneos,Química,Eletroquímica de Processos Espontâneos,eletroquimica-espontanea,1,1,concluído em ambas as larguras,não promovida
summary-quimica-eletroquimica-de-processos-nao-espontaneos,Química,Eletroquímica de Processos não Espontâneos,eletrolise,1,1,concluído em ambas as larguras,não promovida
summary-quimica-aspectos-quantitativos-da-eletroquimica-e-metalurgia,Química,Aspectos Quantitativos da Eletroquímica e Metalurgia,faraday-metalurgia,1,1,concluído em ambas as larguras,não promovida
summary-quimica-deslocamento-de-equilibrio,Química,Deslocamento de Equilíbrio,equilibrium-shift,1,1,concluído em ambas as larguras,não promovida
summary-quimica-equilibrios-ionicos,Química,Equilíbrios Iônicos,ionic-equilibrium,1,1,concluído em ambas as larguras,não promovida
summary-quimica-equilibrios-ionicos-ii,Química,Equilíbrios Iônicos II,grade-de-eixos,2,2,concluído em ambas as larguras,não promovida
qui-equilibrio-acidificacao,Química,"Equilíbrio químico, acidez e intemperismo",acid-weathering,1,1,concluído em ambas as larguras,não promovida
bio-ecologia-introducao,Biologia,Introdução à Ecologia,ecology,3,3,concluído em ambas as larguras,não promovida
bio-ecologia-dinamica-populacoes,Biologia,Dinâmica de populações,estrategias-reprodutivas,1,1,concluído em ambas as larguras,não promovida
bio-ecologia-invasoras-controle-biologico,Biologia,Espécies invasoras e controle biológico,invasao-impactos,1,1,concluído em ambas as larguras,não promovida
bio-ecologia-sucessao,Biologia,Sucessão ecológica,sucessao-comunidades,1,1,concluído em ambas as larguras,não promovida
bio-ecologia-ciclo-carbono,Biologia,Ciclos biogeoquímicos: ciclo do carbono,ciclo-carbono,0,0,concluído em ambas as larguras,não promovida
bio-ecologia-ciclo-nitrogenio,Biologia,Ciclo do nitrogênio,nitrogenio-solo-atmosfera,1,1,concluído em ambas as larguras,não promovida
bio-ecologia-ciclo-hidrologico-poluicao-agua,Biologia,Ciclo hidrológico e poluição da água,poluicao-agua-agentes,1,1,concluído em ambas as larguras,não promovida
bio-ecologia-eutrofizacao,Biologia,Eutrofização e fluxo de energia,eutrofizacao-lago,1,1,concluído em ambas as larguras,não promovida
bio-ecologia-poluicao-ar,Biologia,Poluição do ar,poluicao-ar,1,1,concluído em ambas as larguras,não promovida
bio-ecologia-biomagnificacao,Biologia,Biomagnificação,biomagnificacao-trofica,4,4,concluído em ambas as larguras,não promovida
bio-ecologia-aquecimento-global-pops-biorremediacao,Biologia,"Aquecimento global, POPs e biorremediação",clima-pops-biorremediacao,1,1,concluído em ambas as larguras,não promovida
summary-biologia-origem-da-vida-e-as-primeiras-celulas,Biologia,Origem da Vida e as Primeiras Células,cadeia-de-derivacao,3,3,concluído em ambas as larguras,não promovida
summary-biologia-composicao-quimica-celular-compostos-inorganicos,Biologia,Composição Química Celular: Compostos Inorgânicos,compostos-inorganicos,1,1,concluído em ambas as larguras,não promovida
summary-biologia-composicao-quimica-celular-carboidratos-e-lipidios,Biologia,Composição Química Celular: Carboidratos e Lipídios,tipologia,3,3,concluído em ambas as larguras,não promovida
summary-biologia-composicao-quimica-celular-proteinas-e-sua-funcao-estrutural,Biologia,Composição Química Celular: Proteínas e sua Função Estrutural,cadeia-de-derivacao,3,3,concluído em ambas as larguras,não promovida
summary-biologia-membranas-celulares,Biologia,Membranas Celulares,membrana,5,2,concluído em ambas as larguras,não promovida
summary-biologia-citoplasma-estrutura-e-componentes-i,Biologia,Citoplasma: Estrutura e Componentes I,citoplasma-i,1,1,concluído em ambas as larguras,não promovida
summary-biologia-citoplasma-estrutura-e-componentes-ii,Biologia,Citoplasma: Estrutura e Componentes II,citoplasma-ii,1,1,concluído em ambas as larguras,não promovida
summary-biologia-nucleo-celular,Biologia,Núcleo Celular,nucleo-celular,1,1,concluído em ambas as larguras,não promovida
summary-biologia-proteinas-enzimas,Biologia,Proteínas: Enzimas,enzimas,0,0,concluído em ambas as larguras,não promovida
summary-biologia-bioenergetica-fermentacao-e-respiracao,Biologia,Bioenergética: Fermentação e Respiração,respiracao-compartimentos,3,3,concluído em ambas as larguras,não promovida
summary-biologia-bioenergetica-fotossintese-e-quimiossintese,Biologia,Bioenergética: Fotossíntese e Quimiossíntese,bioenergetica,0,0,concluído em ambas as larguras,não promovida
summary-biologia-acidos-nucleicos,Biologia,Ácidos Nucleicos,acidos-nucleicos,2,2,concluído em ambas as larguras,não promovida
summary-biologia-divisao-celular,Biologia,Divisão Celular,divisao-celular,0,0,concluído em ambas as larguras,não promovida
summary-biologia-mutacoes-cromossomicas-e-gametogenese,Biologia,Mutações Cromossômicas e Gametogênese,mutacoes-cromossomicas,1,1,concluído em ambas as larguras,não promovida
summary-biologia-biotecnologia,Biologia,Biotecnologia,biotecnologia,1,1,concluído em ambas as larguras,não promovida
summary-biologia-introducao-a-genetica,Biologia,Introdução à Genética,introducao-genetica,1,1,concluído em ambas as larguras,não promovida
summary-biologia-alelos-multiplos-e-heranca-dos-grupos-sanguineos,Biologia,Alelos Múltiplos e Herança dos Grupos Sanguíneos,alelos-multiplos,1,1,concluído em ambas as larguras,não promovida
summary-biologia-heranca-sexual,Biologia,Herança Sexual,tipologia,3,3,concluído em ambas as larguras,não promovida
summary-biologia-segunda-lei-de-mendel,Biologia,Segunda Lei de Mendel,mendel,0,0,concluído em ambas as larguras,não promovida
summary-biologia-segunda-lei-de-mendel-e-interacao-genica,Biologia,Segunda Lei de Mendel e Interação Gênica,mendel,0,0,concluído em ambas as larguras,não promovida
summary-biologia-ligacao-genica,Biologia,Ligação Gênica,ligacao-genica,1,1,concluído em ambas as larguras,não promovida
summary-biologia-mutacoes-genicas,Biologia,Mutações Gênicas,tipologia,0,0,concluído em ambas as larguras,não promovida
summary-biologia-evolucao-biologica-construcao-historica,Biologia,Evolução Biológica: Construção Histórica,contraste-de-posicoes,2,2,concluído em ambas as larguras,não promovida
summary-biologia-mecanismos-da-evolucao-biologica,Biologia,Mecanismos da Evolução Biológica,tipologia,5,5,concluído em ambas as larguras,não promovida
summary-biologia-biomas-brasileiros,Biologia,Biomas Brasileiros,tipologia,5,5,concluído em ambas as larguras,não promovida
summary-biologia-classificacao-biologica-nomenclatura-cientifica-e-nocoes-de-sistematica-filogenetica,Biologia,"Classificação Biológica, Nomenclatura Científica e Noções de Sistemática Filogenética",escala-de-graus,2,2,concluído em ambas as larguras,não promovida
summary-biologia-protozoarios-e-protozooses,Biologia,Protozoários e Protozooses,tipologia,3,3,concluído em ambas as larguras,não promovida
summary-biologia-poriferos-e-cnidarios,Biologia,Poríferos e Cnidários,poriferos-cnidarios,1,1,concluído em ambas as larguras,não promovida
summary-biologia-arquitetura-corporal-dos-animais-e-o-filo-dos-platelmintos-e-dos-nematodeos,Biologia,Arquitetura Corporal dos Animais e o Filo dos Platelmintos e dos Nematódeos,arquitetura-corporal,1,1,concluído em ambas as larguras,não promovida
summary-biologia-moluscos,Biologia,Moluscos,tipologia,2,2,concluído em ambas as larguras,não promovida
summary-biologia-anelideos,Biologia,Anelídeos,tipologia,2,2,concluído em ambas as larguras,não promovida
summary-biologia-artropodes-insetos-crustaceos-e-miriapodes,Biologia,"Artrópodes: Insetos, Crustáceos e Miriápodes",artropodes-insetos,1,1,concluído em ambas as larguras,não promovida
summary-biologia-artropodes-aracnideos,Biologia,Artrópodes: Aracnídeos,artropodes-aracnideos,1,1,concluído em ambas as larguras,não promovida
summary-biologia-equinodermos,Biologia,Equinodermos,tipologia,4,4,concluído em ambas as larguras,não promovida
summary-biologia-introducao-aos-cordados-e-os-peixes,Biologia,Introdução aos Cordados e os Peixes,cordados-peixes,1,1,concluído em ambas as larguras,não promovida
summary-biologia-cordados-tetrapodes,Biologia,Cordados Tetrápodes,escala-de-graus,2,2,concluído em ambas as larguras,não promovida
summary-biologia-fungos,Biologia,Fungos,fungos,0,0,concluído em ambas as larguras,não promovida
summary-biologia-algas,Biologia,Algas,atlas-luz-e-algas,2,2,concluído em ambas as larguras,não promovida
summary-biologia-ciclos-de-vida,Biologia,Ciclos de Vida,ciclos-meiose,2,2,concluído em ambas as larguras,não promovida
summary-biologia-plantas-terrestres-i-briofitas-e-pteridofitas,Biologia,Plantas Terrestres I: Briófitas e Pteridófitas,escala-de-graus,2,2,concluído em ambas as larguras,não promovida
summary-biologia-plantas-terrestres-ii-gimnospermas-e-angiospermas,Biologia,Plantas Terrestres II: Gimnospermas e Angiospermas,gimnospermas-angiospermas,1,1,concluído em ambas as larguras,não promovida
summary-biologia-procariotos,Biologia,Procariotos,procariotos,1,1,concluído em ambas as larguras,não promovida
summary-biologia-virus,Biologia,Vírus,cadeia-de-derivacao,4,4,concluído em ambas as larguras,não promovida
summary-biologia-embriologia-animal,Biologia,Embriologia Animal,cadeia-de-derivacao,3,3,concluído em ambas as larguras,não promovida
summary-biologia-fisiologia-da-sustentacao-e-da-locomocao,Biologia,Fisiologia da Sustentação e da Locomoção,sustentacao-locomocao,1,1,concluído em ambas as larguras,não promovida
summary-biologia-fisiologia-da-digestao,Biologia,Fisiologia da Digestão,cadeia-de-derivacao,0,0,concluído em ambas as larguras,não promovida
summary-biologia-sangue-e-imunologia,Biologia,Sangue e Imunologia,abo,0,0,concluído em ambas as larguras,não promovida
summary-biologia-coracao-e-vasos-sanguineos,Biologia,Coração e Vasos Sanguíneos,coracao-circulacao,7,6,concluído em ambas as larguras,não promovida
summary-biologia-fisiologia-da-respiracao,Biologia,Fisiologia da Respiração,fisiologia-respiracao,1,1,concluído em ambas as larguras,não promovida
summary-biologia-fisiologia-da-excrecao,Biologia,Fisiologia da Excreção,cadeia-de-derivacao,0,0,concluído em ambas as larguras,não promovida
summary-biologia-fisiologia-da-coordenacao-nervosa-i,Biologia,Fisiologia da Coordenação Nervosa I,cadeia-de-derivacao,0,0,concluído em ambas as larguras,não promovida
summary-biologia-coordenacao-nervosa-ii,Biologia,Coordenação Nervosa II,cadeia-de-derivacao,0,0,concluído em ambas as larguras,não promovida
summary-biologia-sistemas-sensoriais-visao-e-audicao,Biologia,Sistemas Sensoriais: Visão e Audição,sistemas-sensoriais,1,1,concluído em ambas as larguras,não promovida
summary-biologia-coordenacao-endocrina-i,Biologia,Coordenação Endócrina I,coordenacao-endocrina-i,1,1,concluído em ambas as larguras,não promovida
summary-biologia-coordenacao-endocrina-ii,Biologia,Coordenação Endócrina II,cadeia-de-derivacao,0,0,concluído em ambas as larguras,não promovida
summary-biologia-reproducao-humana-e-metodos-contraceptivos,Biologia,Reprodução Humana e Métodos Contraceptivos,reproducao-humana,1,1,concluído em ambas as larguras,não promovida
summary-biologia-histologia-e-morfologia-vegetal,Biologia,Histologia e Morfologia Vegetal,histologia-vegetal,1,1,concluído em ambas as larguras,não promovida
summary-biologia-morfofisiologia-vegetal-caules-e-folhas,Biologia,Morfofisiologia Vegetal: Caules e Folhas,caules-folhas,1,1,concluído em ambas as larguras,não promovida
summary-biologia-traqueofitas-transpiracao-e-reposicao-rapida-de-agua,Biologia,Traqueófitas: Transpiração e Reposição Rápida de Água,cadeia-de-derivacao,3,3,concluído em ambas as larguras,não promovida
summary-biologia-fisiologia-vegetal-transporte-no-floema,Biologia,Fisiologia Vegetal: Transporte no Floema,cadeia-de-derivacao,4,4,concluído em ambas as larguras,não promovida
summary-biologia-fisiologia-vegetal-hormonios-vegetais,Biologia,Fisiologia Vegetal: Hormônios Vegetais,hormonios-vegetais,1,1,concluído em ambas as larguras,não promovida
atu-cop30-belem,Atualidades,"COP30 em Belém: avanços, limites e leitura de prova",cop30-belem,2,2,concluído em ambas as larguras,não promovida
summary-geografia-coordenadas-geograficas,Geografia,Coordenadas Geográficas,coordinates,2,2,concluído em ambas as larguras,não promovida
summary-geografia-movimentos-da-terra,Geografia,Movimentos da Terra,cadeia-de-derivacao,3,3,concluído em ambas as larguras,não promovida
summary-geografia-sistema-de-fusos-horarios,Geografia,Sistema de Fusos Horários,cadeia-de-derivacao,3,3,concluído em ambas as larguras,não promovida
summary-geografia-linguagem-cartografica,Geografia,Linguagem Cartográfica,cadeia-de-derivacao,3,3,concluído em ambas as larguras,não promovida
summary-geografia-projecoes-cartograficas,Geografia,Projeções Cartográficas,tipologia,2,2,concluído em ambas as larguras,não promovida
summary-geografia-cartografia-digital,Geografia,Cartografia Digital,camadas-de-determinacao,3,3,concluído em ambas as larguras,não promovida
summary-geografia-representacoes-graficas-e-cartograficas,Geografia,Representações Gráficas e Cartográficas,tipologia,3,3,concluído em ambas as larguras,não promovida
summary-geografia-dinamica-climatica,Geografia,Dinâmica Climática,tipologia,2,2,concluído em ambas as larguras,não promovida
summary-geografia-clima-mundial,Geografia,Clima Mundial,criterios-conjuntivos,3,3,concluído em ambas as larguras,não promovida
summary-geografia-geomorfologia-mundial,Geografia,Geomorfologia Mundial,tipologia,2,2,concluído em ambas as larguras,não promovida
summary-geografia-biogeografia-mundial,Geografia,Biogeografia Mundial,tipologia,2,2,concluído em ambas as larguras,não promovida
summary-geografia-agua-na-superficie-terrestre,Geografia,Água na Superfície Terrestre,camadas-de-determinacao,3,3,concluído em ambas as larguras,não promovida
summary-geografia-desafios-ambientais-do-seculo-xxi,Geografia,Desafios Ambientais do Século XXI,tipologia,3,3,concluído em ambas as larguras,não promovida
summary-geografia-geopolitica-ambiental,Geografia,Geopolítica Ambiental,contraste-de-posicoes,3,3,concluído em ambas as larguras,não promovida
summary-geografia-geopolitica-dos-recursos-hidricos,Geografia,Geopolítica dos Recursos Hídricos,cadeia-de-derivacao,3,3,concluído em ambas as larguras,não promovida
summary-geografia-hidrogeografia-mundial,Geografia,Hidrogeografia Mundial,cadeia-de-derivacao,3,3,concluído em ambas as larguras,não promovida
summary-geografia-do-mundo-bipolar-ao-multipolar,Geografia,Do Mundo Bipolar ao Multipolar,cadeia-de-derivacao,3,3,concluído em ambas as larguras,não promovida
summary-geografia-globalizacao-e-processos-economicos-atuais,Geografia,Globalização e Processos Econômicos Atuais,cadeia-de-derivacao,3,3,concluído em ambas as larguras,não promovida
summary-geografia-geografia-das-redes-mundiais,Geografia,Geografia das Redes Mundiais,camadas-de-determinacao,3,3,concluído em ambas as larguras,não promovida
summary-geografia-unilateralismo-e-multilateralismo,Geografia,Unilateralismo e Multilateralismo,contraste-de-posicoes,3,3,concluído em ambas as larguras,não promovida
summary-geografia-blocos-economicos,Geografia,Blocos Econômicos,escala-de-graus,3,3,concluído em ambas as larguras,não promovida
summary-geografia-uniao-europeia,Geografia,União Europeia,cadeia-de-derivacao,3,3,concluído em ambas as larguras,não promovida
summary-geografia-desigualdades-globais,Geografia,Desigualdades Globais,cadeia-de-derivacao,2,2,concluído em ambas as larguras,não promovida
summary-geografia-mobilidade-populacional,Geografia,Mobilidade Populacional,criterios-conjuntivos,2,2,concluído em ambas as larguras,não promovida
summary-geografia-geografia-do-turismo,Geografia,Geografia do Turismo,tipologia,2,0,concluído em ambas as larguras,não promovida
summary-geografia-producao-agricola-mundial,Geografia,Produção Agrícola Mundial,tipologia,2,2,concluído em ambas as larguras,não promovida
summary-geografia-industria-i,Geografia,Indústria I,tipologia,3,3,concluído em ambas as larguras,não promovida
summary-geografia-industria-ii,Geografia,Indústria II,cadeia-de-derivacao,2,2,concluído em ambas as larguras,não promovida
summary-geografia-gedeconomia-mundial,Geografia,Gedeconomia Mundial,tipologia,3,3,concluído em ambas as larguras,não promovida
summary-geografia-terrorismo-internacional,Geografia,Terrorismo Internacional,cadeia-de-derivacao,3,3,concluído em ambas as larguras,não promovida
summary-geografia-geografia-das-religioes,Geografia,Geografia das Religiões,tipologia,3,3,concluído em ambas as larguras,não promovida
summary-geografia-tensoes-geopoliticas-na-europa,Geografia,Tensões Geopolíticas na Europa,cadeia-de-derivacao,3,3,concluído em ambas as larguras,não promovida
summary-geografia-geopolitica-e-geoeconomia-da-america-latina,Geografia,Geopolítica e Geoeconomia da América Latina,cadeia-de-derivacao,3,3,concluído em ambas as larguras,não promovida
summary-geografia-africa-no-mundo-atual,Geografia,África no Mundo Atual,cadeia-de-derivacao,3,3,concluído em ambas as larguras,não promovida
summary-geografia-geopolitica-e-geoeconomia-da-asia,Geografia,Geopolítica e Geoeconomia da Ásia,camadas-de-determinacao,3,3,concluído em ambas as larguras,não promovida
summary-geografia-geografia-do-oriente-medio,Geografia,Geografia do Oriente Médio,camadas-de-determinacao,3,3,concluído em ambas as larguras,não promovida
summary-geografia-questao-palestina,Geografia,Questão Palestina,cadeia-de-derivacao,3,3,concluído em ambas as larguras,não promovida
summary-geografia-conflitos-no-mundo-arabe,Geografia,Conflitos no Mundo Árabe,cadeia-de-derivacao,3,3,concluído em ambas as larguras,não promovida
summary-geografia-paisagem-espaco-geografico-e-ciencia-geografica,Geografia,"Paisagem, Espaço Geográfico e Ciência Geográfica",contraste-de-posicoes,2,2,concluído em ambas as larguras,não promovida
summary-geografia-geologia-e-geomorfologia,Geografia,Geologia e Geomorfologia,tipologia,2,2,concluído em ambas as larguras,não promovida
summary-geografia-relevo-brasileiro,Geografia,Relevo Brasileiro,tipologia,2,2,concluído em ambas as larguras,não promovida
summary-geografia-pedologia,Geografia,Pedologia,tipologia,2,2,concluído em ambas as larguras,não promovida
summary-geografia-climatologia-do-brasil,Geografia,Climatologia do Brasil,tipologia,2,2,concluído em ambas as larguras,não promovida
summary-geografia-biogeografia-do-brasil-i,Geografia,Biogeografia do Brasil I,tipologia,3,3,concluído em ambas as larguras,não promovida
summary-geografia-biogeografia-do-brasil-ii,Geografia,Biogeografia do Brasil II,tipologia,3,3,concluído em ambas as larguras,não promovida
summary-geografia-politicas-ambientais-brasileiras,Geografia,Políticas Ambientais Brasileiras,camadas-de-determinacao,3,3,concluído em ambas as larguras,não promovida
summary-geografia-hidrogeografia-do-brasil,Geografia,Hidrogeografia do Brasil,tipologia,3,3,concluído em ambas as larguras,não promovida
summary-geografia-dominios-morfoclimaticos,Geografia,Domínios Morfoclimáticos,tipologia,2,2,concluído em ambas as larguras,não promovida
summary-geografia-matriz-energetica,Geografia,Matriz Energética,tipologia,3,3,concluído em ambas as larguras,não promovida
summary-geografia-combustiveis-fosseis-e-biocombustiveis-no-brasil,Geografia,Combustíveis Fósseis e Biocombustíveis no Brasil,combustiveis-biocombustiveis-brasil,2,2,concluído em ambas as larguras,não promovida
summary-geografia-energia-eletrica-no-mundo,Geografia,Energia Elétrica no Mundo,contraste-de-posicoes,3,3,concluído em ambas as larguras,não promovida
summary-geografia-energia-eletrica-no-brasil,Geografia,Energia Elétrica no Brasil,energia-eletrica-brasil,2,2,concluído em ambas as larguras,não promovida
summary-geografia-producao-mineral,Geografia,Produção Mineral,cadeia-de-derivacao,3,3,concluído em ambas as larguras,não promovida
summary-geografia-o-espaco-agrario-brasileiro,Geografia,O Espaço Agrário Brasileiro,camadas-de-determinacao,3,3,concluído em ambas as larguras,não promovida
summary-geografia-o-espaco-industrial-brasileiro-i,Geografia,O Espaço Industrial Brasileiro I,camadas-de-determinacao,1,1,concluído em ambas as larguras,não promovida
summary-geografia-o-espaco-industrial-brasileiro-ii,Geografia,O Espaço Industrial Brasileiro II,cadeia-de-derivacao,2,2,concluído em ambas as larguras,não promovida
summary-geografia-dinamica-demografica,Geografia,Dinâmica Demográfica,escala-de-graus,3,3,concluído em ambas as larguras,não promovida
summary-geografia-estrutura-etnica-e-fluxos-migratorios,Geografia,Estrutura Étnica e Fluxos Migratórios,fluxos-populacionais,2,2,concluído em ambas as larguras,não promovida
summary-geografia-o-espaco-urbano-i,Geografia,O Espaço Urbano I,escala-de-graus,3,3,concluído em ambas as larguras,não promovida
summary-geografia-o-espaco-urbano-ii,Geografia,O Espaço Urbano II,camadas-de-determinacao,2,2,concluído em ambas as larguras,não promovida
summary-geografia-as-redes-de-transportes,Geografia,As Redes de Transportes,tipologia,2,2,concluído em ambas as larguras,não promovida
summary-geografia-os-fluxos-do-comercio-externo,Geografia,Os Fluxos do Comércio Externo,rede-comercio-externo,2,2,concluído em ambas as larguras,não promovida
summary-historia-introducao-a-historia-e-primeiras-civilizacoes,História,Introdução à História e Primeiras Civilizações,cadeia-de-derivacao,3,3,concluído em ambas as larguras,não promovida
summary-historia-antiguidade-classica-o-mundo-grego,História,Antiguidade Clássica: o Mundo Grego,tipologia,2,2,concluído em ambas as larguras,não promovida
summary-historia-antiguidade-classica-o-mundo-romano,História,Antiguidade Clássica: o Mundo Romano,cadeia-de-derivacao,2,2,concluído em ambas as larguras,não promovida
summary-historia-alta-idade-media-e-feudalismo,História,Alta Idade Média e Feudalismo,tipologia,2,2,concluído em ambas as larguras,não promovida
summary-historia-baixa-idade-media,História,Baixa Idade Média,cadeia-de-derivacao,2,2,concluído em ambas as larguras,não promovida
summary-historia-a-primeira-globalizacao,História,A Primeira Globalização,camadas-de-determinacao,3,3,concluído em ambas as larguras,não promovida
summary-historia-america-espanhola,História,América Espanhola,escala-de-graus,2,2,concluído em ambas as larguras,não promovida
summary-historia-vida-urbana-e-renascimento-cultural,História,Vida Urbana e Renascimento Cultural,camadas-de-determinacao,3,3,concluído em ambas as larguras,não promovida
summary-historia-reforma-religiosa,História,Reforma Religiosa,movimento-dialetico,2,2,concluído em ambas as larguras,não promovida
summary-historia-absolutismo,História,Absolutismo,tipologia,2,2,concluído em ambas as larguras,não promovida
summary-historia-revolucao-industrial,História,Revolução Industrial,cadeia-de-derivacao,2,2,concluído em ambas as larguras,não promovida
summary-historia-iluminismo,História,Iluminismo,tipologia,3,3,concluído em ambas as larguras,não promovida
summary-historia-revolucao-francesa,História,Revolução Francesa,cadeia-de-derivacao,3,3,concluído em ambas as larguras,não promovida
summary-historia-america-no-seculo-xix,História,América no Século XIX,tipologia,3,3,concluído em ambas as larguras,não promovida
summary-historia-europa-no-seculo-xix,História,Europa no Século XIX,contraste-de-posicoes,2,2,concluído em ambas as larguras,não promovida
summary-historia-imperialismo-e-belle-epoque,História,Imperialismo e Belle Époque,tipologia,2,2,concluído em ambas as larguras,não promovida
summary-historia-primeira-guerra-mundial-1914-1918,História,Primeira Guerra Mundial (1914-1918),criterios-conjuntivos,2,2,concluído em ambas as larguras,não promovida
summary-historia-grandes-revolucoes-do-seculo-xx,História,Grandes Revoluções do Século XX,tipologia,3,3,concluído em ambas as larguras,não promovida
summary-historia-o-periodo-entreguerras-1918-1939,História,O Período Entreguerras (1918-1939),cadeia-de-derivacao,2,2,concluído em ambas as larguras,não promovida
summary-historia-o-nazismo-na-alemanha,História,O Nazismo na Alemanha,criterios-conjuntivos,3,3,concluído em ambas as larguras,não promovida
summary-historia-segunda-guerra-mundial-1939-1945,História,Segunda Guerra Mundial (1939-1945),cadeia-de-derivacao,3,3,concluído em ambas as larguras,não promovida
summary-historia-guerra-fria,História,Guerra Fria,contraste-de-posicoes,3,3,concluído em ambas as larguras,não promovida
summary-historia-descolonizacao-afro-asiatica,História,Descolonização Afro-Asiática,tipologia,2,2,concluído em ambas as larguras,não promovida
summary-historia-america-latina-no-seculo-xx,História,América Latina no Século XX,cadeia-de-derivacao,3,3,concluído em ambas as larguras,não promovida
summary-historia-o-fim-da-guerra-fria,História,O Fim da Guerra Fria,cadeia-de-derivacao,3,3,concluído em ambas as larguras,não promovida
summary-historia-a-historia-e-o-brasil,História,A História e o Brasil,contraste-de-posicoes,2,2,concluído em ambas as larguras,não promovida
summary-historia-grandes-navegacoes-e-conquista-colonial,História,Grandes Navegações e Conquista Colonial,cadeia-de-derivacao,3,3,concluído em ambas as larguras,não promovida
summary-historia-a-montagem-da-colonizacao,História,A Montagem da Colonização,criterios-conjuntivos,3,3,concluído em ambas as larguras,não promovida
summary-historia-dinamica-interna-da-colonizacao,História,Dinâmica Interna da Colonização,dinamica-interna-colonizacao,2,2,concluído em ambas as larguras,não promovida
summary-historia-disputas-europeias-no-brasil-colonial,História,Disputas Europeias no Brasil Colonial,cadeia-de-derivacao,3,3,concluído em ambas as larguras,não promovida
summary-historia-a-interiorizacao-da-colonizacao,História,A Interiorização da Colonização,interiorizacao-colonial,1,1,concluído em ambas as larguras,não promovida
summary-historia-a-mineracao-no-brasil-colonial,História,A Mineração no Brasil Colonial,mineracao-colonial,1,1,concluído em ambas as larguras,não promovida
summary-historia-a-crise-do-antigo-sistema-colonial,História,A Crise do Antigo Sistema Colonial,tipologia,2,2,concluído em ambas as larguras,não promovida
summary-historia-a-independencia-do-brasil,História,A Independência do Brasil,independencia-brasil,0,0,concluído em ambas as larguras,não promovida
summary-historia-brasil-imperio-formacao-do-estado-nacional-brasileiro,História,Brasil Império: Formação do Estado Nacional Brasileiro,cadeia-de-derivacao,2,2,concluído em ambas as larguras,não promovida
summary-historia-brasil-imperio-o-periodo-regencial-1831-1840,História,Brasil Império: o Período Regencial (1831-1840),tipologia,3,3,concluído em ambas as larguras,não promovida
summary-historia-brasil-imperio-segundo-reinado-1840-1889,História,Brasil Império: Segundo Reinado (1840-1889),tipologia,3,3,concluído em ambas as larguras,não promovida
summary-historia-brasil-imperio-o-declinio-do-segundo-reinado,História,Brasil Império: o Declínio do Segundo Reinado,criterios-conjuntivos,3,3,concluído em ambas as larguras,não promovida
summary-historia-a-republica-da-espada,História,A República da Espada,tipologia,3,3,concluído em ambas as larguras,não promovida
summary-historia-ascensao-e-dominio-das-oligarquias,História,Ascensão e Domínio das Oligarquias,camadas-de-determinacao,3,3,concluído em ambas as larguras,não promovida
summary-historia-a-primeira-republica-o-declinio-oligarquico-1889-1930,História,A Primeira República: o Declínio Oligárquico (1889-1930),camadas-de-determinacao,3,3,concluído em ambas as larguras,não promovida
summary-historia-a-era-vargas,História,A Era Vargas,cadeia-de-derivacao,3,3,concluído em ambas as larguras,não promovida
summary-historia-a-era-vargas-o-governo-constitucional-1934-1937,História,A Era Vargas: o Governo Constitucional (1934-1937),cadeia-de-derivacao,3,3,concluído em ambas as larguras,não promovida
summary-historia-a-era-vargas-o-estado-novo,História,A Era Vargas: o Estado Novo,cadeia-de-derivacao,2,2,concluído em ambas as larguras,não promovida
summary-historia-republica-liberal-1945-1964-democracia-em-tempos-de-guerra-fria,História,República Liberal (1945-1964): Democracia em Tempos de Guerra Fria,contraste-de-posicoes,3,3,concluído em ambas as larguras,não promovida
summary-historia-republica-liberal-1945-1964-desenvolvimentismo-e-populismo,História,República Liberal (1945-1964): Desenvolvimentismo e Populismo,contraste-de-posicoes,3,3,concluído em ambas as larguras,não promovida
summary-historia-regime-militar-1964-1985-i,História,Regime Militar (1964-1985) I,tipologia,3,3,concluído em ambas as larguras,não promovida
summary-historia-regime-militar-1964-1985-ii,História,Regime Militar (1964-1985) II,escala-de-graus,3,3,concluído em ambas as larguras,não promovida
summary-historia-o-brasil-atual,História,O Brasil Atual,criterios-conjuntivos,3,3,concluído em ambas as larguras,não promovida
summary-lingua-inglesa-text-comprehension-taxonomy-and-terminology,Língua Inglesa,Text Comprehension: Taxonomy and Terminology,taxonomy,1,1,concluído em ambas as larguras,não promovida
summary-lingua-inglesa-text-comprehension-songs-and-poems,Língua Inglesa,Text Comprehension: Songs and Poems,songs-poems,1,1,concluído em ambas as larguras,não promovida
summary-lingua-inglesa-text-comprehension-calories-and-energy,Língua Inglesa,Text Comprehension: Calories and Energy,calories-energy,1,1,concluído em ambas as larguras,não promovida
summary-lingua-inglesa-text-comprehension-earthquakes,Língua Inglesa,Text Comprehension: Earthquakes,earthquakes,1,1,concluído em ambas as larguras,não promovida
summary-lingua-inglesa-text-comprehension-hurricanes,Língua Inglesa,Text Comprehension: Hurricanes,hurricanes,1,1,concluído em ambas as larguras,não promovida
summary-lingua-inglesa-text-comprehension-ecology-greenhouse-gases,Língua Inglesa,Text Comprehension: Ecology (Greenhouse Gases),greenhouse-gases,1,1,concluído em ambas as larguras,não promovida
summary-lingua-inglesa-text-comprehension-pollution,Língua Inglesa,Text Comprehension: Pollution,pollution,1,1,concluído em ambas as larguras,não promovida
summary-lingua-inglesa-text-comprehension-the-human-brain,Língua Inglesa,Text Comprehension: The Human Brain,human-brain,1,1,concluído em ambas as larguras,não promovida
summary-lingua-inglesa-text-comprehension-global-warming,Língua Inglesa,Text Comprehension: Global Warming,global-warming,1,1,concluído em ambas as larguras,não promovida
summary-lingua-inglesa-text-comprehension-novels-short-stories,Língua Inglesa,Text Comprehension: Novels/Short Stories,novels-short-stories,1,1,concluído em ambas as larguras,não promovida
summary-lingua-inglesa-text-comprehension-bacteria,Língua Inglesa,Text Comprehension: Bacteria,bacteria,1,1,concluído em ambas as larguras,não promovida
summary-lingua-inglesa-text-comprehension-viruses,Língua Inglesa,Text Comprehension: Viruses,viruses,1,1,concluído em ambas as larguras,não promovida
summary-lingua-inglesa-text-comprehension-discrimination-against-women,Língua Inglesa,Text Comprehension: Discrimination Against Women,discrimination-against-women,1,1,concluído em ambas as larguras,não promovida
summary-lingua-inglesa-text-comprehension-women-empowerment,Língua Inglesa,Text Comprehension: Women Empowerment,women-empowerment,1,1,concluído em ambas as larguras,não promovida
summary-lingua-inglesa-text-comprehension-digital-technology,Língua Inglesa,Text Comprehension: Digital Technology,digital-technology,1,1,concluído em ambas as larguras,não promovida
summary-lingua-inglesa-text-comprehension-health-probiotics,Língua Inglesa,Text Comprehension: Health – Probiotics,health-probiotics,1,1,concluído em ambas as larguras,não promovida
summary-lingua-inglesa-text-comprehension-stem-cells,Língua Inglesa,Text Comprehension: Stem Cells,stem-cells,1,1,concluído em ambas as larguras,não promovida
summary-redacao-a-dissertacao-no-vestibular-mitos-e-verdades,Redação,A Dissertação no Vestibular: Mitos e Verdades,dissertacao-mitos,1,1,concluído em ambas as larguras,não promovida
summary-redacao-o-que-se-avalia-na-dissertacao-competencias-e-habilidades,Redação,O que se Avalia na Dissertação: Competências e Habilidades,avaliacao-dissertacao,1,1,concluído em ambas as larguras,não promovida
summary-redacao-organizando-as-ideias-brainstorm-e-mind-maps,Redação,Organizando as Ideias: Brainstorm e Mind Maps,organizacao-ideias,1,1,concluído em ambas as larguras,não promovida
summary-redacao-projeto-de-texto-em-favor-da-progressao-textual,Redação,Projeto de Texto em Favor da Progressão Textual,argument,3,3,concluído em ambas as larguras,não promovida
summary-redacao-repertorio-o-diferencial-de-redacoes-de-sucesso,Redação,Repertório: o Diferencial de Redações de Sucesso,repertorio,1,1,concluído em ambas as larguras,não promovida
summary-redacao-qual-sera-o-tema-deste-ano-grandes-eixos-tematicos,Redação,Qual Será o Tema deste Ano: Grandes Eixos Temáticos,eixos-tematicos,1,1,concluído em ambas as larguras,não promovida
summary-redacao-diferentes-graus-de-adequacao-a-proposta,Redação,Diferentes Graus de Adequação à Proposta,adequacao-proposta,1,1,concluído em ambas as larguras,não promovida
summary-redacao-tangenciamento-e-fuga-a-fronteira-do-tema,Redação,Tangenciamento e Fuga: a Fronteira do Tema,fronteira-tema,1,1,concluído em ambas as larguras,não promovida
summary-redacao-generos-e-sua-relacao-com-a-estrutura-do-texto,Redação,Gêneros e sua Relação com a Estrutura do Texto,genero-estrutura,1,1,concluído em ambas as larguras,não promovida
summary-redacao-estrutura-classica-do-texto-dissertativo,Redação,Estrutura Clássica do Texto Dissertativo,estrutura-dissertativa,1,1,concluído em ambas as larguras,não promovida
summary-redacao-lendo-a-coletanea-a-apreensao-de-sentidos-i,Redação,Lendo a Coletânea: a Apreensão de Sentidos I,coletanea-sentidos-i,1,1,concluído em ambas as larguras,não promovida
summary-redacao-lendo-a-coletanea-a-apreensao-de-sentidos-ii,Redação,Lendo a Coletânea: a Apreensão de Sentidos II,coletanea-sentidos-ii,1,1,concluído em ambas as larguras,não promovida
summary-redacao-lendo-a-coletanea-a-compreensao-e-o-texto-autoral-i,Redação,Lendo a Coletânea: a Compreensão e o Texto Autoral I,coletanea-autoria-i,1,1,concluído em ambas as larguras,não promovida
summary-redacao-lendo-a-coletanea-a-compreensao-e-o-texto-autoral-ii,Redação,Lendo a Coletânea: a Compreensão e o Texto Autoral II,coletanea-autoria-ii,1,1,concluído em ambas as larguras,não promovida
summary-redacao-incrementando-o-repertorio-meio-ambiente,Redação,Incrementando o Repertório: Meio Ambiente,rep-meio-ambiente,2,2,concluído em ambas as larguras,não promovida
summary-redacao-analisando-tema-de-redacao-meio-ambiente,Redação,Analisando Tema de Redação: Meio Ambiente,tema-meio-ambiente,2,2,concluído em ambas as larguras,não promovida
summary-redacao-incrementando-o-repertorio-educacao-e-trabalho,Redação,Incrementando o Repertório: Educação e Trabalho,rep-educacao-trabalho,2,2,concluído em ambas as larguras,não promovida
summary-redacao-analisando-tema-de-redacao-educacao-e-trabalho,Redação,Analisando Tema de Redação: Educação e Trabalho,tema-educacao-trabalho,2,2,concluído em ambas as larguras,não promovida
summary-redacao-incrementando-o-repertorio-temas-abstratos,Redação,Incrementando o Repertório: Temas Abstratos,rep-abstratos,2,2,concluído em ambas as larguras,não promovida
summary-redacao-analisando-tema-abstrato-de-redacao,Redação,Analisando Tema Abstrato de Redação,tema-abstrato,2,2,concluído em ambas as larguras,não promovida
summary-redacao-incrementando-o-repertorio-corpo-saude-e-sexualidade,Redação,"Incrementando o Repertório: Corpo, Saúde e Sexualidade",rep-corpo-saude,2,2,concluído em ambas as larguras,não promovida
summary-redacao-analisando-tema-de-redacao-corpo-saude-e-sexualidade,Redação,"Analisando Tema de Redação: Corpo, Saúde e Sexualidade",tema-corpo-saude,2,2,concluído em ambas as larguras,não promovida
summary-redacao-incrementando-o-repertorio-violencia-leis-e-punicao,Redação,"Incrementando o Repertório: Violência, Leis e Punição",rep-violencia,2,2,concluído em ambas as larguras,não promovida
summary-redacao-analisando-tema-de-redacao-violencia-leis-e-punicao,Redação,"Analisando Tema de Redação: Violência, Leis e Punição",tema-violencia,2,2,concluído em ambas as larguras,não promovida
summary-redacao-incrementando-o-repertorio-cidadania-e-poder,Redação,Incrementando o Repertório: Cidadania e Poder,rep-cidadania,2,2,concluído em ambas as larguras,não promovida
summary-redacao-analisando-tema-de-redacao-cidadania-e-poder,Redação,Analisando Tema de Redação: Cidadania e Poder,tema-cidadania,2,2,concluído em ambas as larguras,não promovida
summary-redacao-incrementando-o-repertorio-arte-cultura-e-relacoes-sociais,Redação,"Incrementando o Repertório: Arte, Cultura e Relações Sociais",rep-arte-cultura,2,2,concluído em ambas as larguras,não promovida
summary-redacao-analisando-o-tema-de-redacao-arte-cultura-e-relacoes-sociais,Redação,"Analisando o Tema de Redação: Arte, Cultura e Relações Sociais",tema-arte-cultura,2,2,concluído em ambas as larguras,não promovida
summary-redacao-incrementando-o-repertorio-midia-e-sociedade,Redação,Incrementando o Repertório: Mídia e Sociedade,rep-midia,2,2,concluído em ambas as larguras,não promovida
summary-redacao-analisando-tema-de-redacao-midia-e-sociedade,Redação,Analisando Tema de Redação: Mídia e Sociedade,tema-midia,2,2,concluído em ambas as larguras,não promovida
summary-redacao-paragrafo-de-introducao-delimitando-a-opiniao,Redação,Parágrafo de Introdução: Delimitando a Opinião,intro-tese,1,1,concluído em ambas as larguras,não promovida
summary-redacao-paragrafo-de-introducao-como-contextualizar,Redação,Parágrafo de Introdução: como Contextualizar,intro-contexto,1,1,concluído em ambas as larguras,não promovida
summary-redacao-argumentacao-auditorio-particular-e-universal,Redação,Argumentação: Auditório Particular e Universal,auditorio,1,1,concluído em ambas as larguras,não promovida
summary-redacao-argumentacao-quase-logica-e-efeito-de-verdade,Redação,Argumentação Quase-Lógica e Efeito de Verdade,quase-logica,1,1,concluído em ambas as larguras,não promovida
summary-redacao-argumentacao-e-coerencia-interna,Redação,Argumentação e Coerência Interna,coerencia-interna,1,1,concluído em ambas as larguras,não promovida
summary-redacao-argumentacao-e-coerencia-externa,Redação,Argumentação e Coerência Externa,coerencia-externa,1,1,concluído em ambas as larguras,não promovida
summary-redacao-recursos-argumentativos-dados-numericos-e-exemplos,Redação,Recursos Argumentativos: Dados Numéricos e Exemplos,dados-exemplos,1,1,concluído em ambas as larguras,não promovida
summary-redacao-recursos-argumentativos-vozes-prestigiadas,Redação,Recursos Argumentativos: Vozes Prestigiadas,vozes-prestigiadas,1,1,concluído em ambas as larguras,não promovida
summary-redacao-ressalvando-o-ponto-de-vista-contrario,Redação,Ressalvando o Ponto de Vista Contrário,ressalva,1,1,concluído em ambas as larguras,não promovida
summary-redacao-refutando-o-ponto-contrario,Redação,Refutando o Ponto Contrário,refutacao,1,1,concluído em ambas as larguras,não promovida
summary-redacao-recursos-argumentativos-interdiscursividade-e-intertextualidade,Redação,Recursos Argumentativos: Interdiscursividade e Intertextualidade,interdiscursividade,1,1,concluído em ambas as larguras,não promovida
summary-redacao-recursos-argumentativos-temas-de-redacao-ja-analisados,Redação,Recursos Argumentativos: Temas de Redação já Analisados,temas-analisados,1,1,concluído em ambas as larguras,não promovida
summary-redacao-recursos-argumentativos-fatos-da-atualidade,Redação,Recursos Argumentativos: Fatos da Atualidade,fatos-atualidade,1,1,concluído em ambas as larguras,não promovida
summary-redacao-recursos-argumentativos-multiplos-dominios-do-saber,Redação,Recursos Argumentativos: Múltiplos Domínios do Saber,multiplos-dominios,1,1,concluído em ambas as larguras,não promovida
summary-redacao-conclusao-por-sintese-ou-retomada-da-tese,Redação,Conclusão por Síntese ou Retomada da Tese,conclusao-sintese,1,1,concluído em ambas as larguras,não promovida
summary-redacao-conclusao-sumarizacao-focalizacao-e-expressividade,Redação,"Conclusão: Sumarização, Focalização e Expressividade",conclusao-foco,1,1,concluído em ambas as larguras,não promovida
summary-redacao-proposta-de-intervencao-atores-sociais-e-cidadania,Redação,Proposta de Intervenção: Atores Sociais e Cidadania,intervencao-atores,1,1,concluído em ambas as larguras,não promovida
summary-redacao-proposta-de-intervencao-viabilizacao-e-inovacao,Redação,Proposta de Intervenção: Viabilização e Inovação,intervencao-viabilidade,1,1,concluído em ambas as larguras,não promovida
summary-redacao-proposta-de-intervencao-coerencia-argumentativa,Redação,Proposta de Intervenção: Coerência Argumentativa,intervencao-coerencia,1,1,concluído em ambas as larguras,não promovida
summary-redacao-proposta-de-intervencao-respeito-aos-direitos-humanos,Redação,Proposta de Intervenção: Respeito aos Direitos Humanos,intervencao-direitos,1,1,concluído em ambas as larguras,não promovida
summary-redacao-recursos-de-coesao-referencial-no-texto-dissertativo,Redação,Recursos de Coesão Referencial no Texto Dissertativo,coesao-referencial,1,1,concluído em ambas as larguras,não promovida
summary-redacao-recursos-de-coesao-sequencial-no-texto-dissertativo,Redação,Recursos de Coesão Sequencial no Texto Dissertativo,coesao-sequencial,1,1,concluído em ambas as larguras,não promovida
summary-redacao-coesao-no-texto-dissertativo-analise-de-problemas,Redação,Coesão no Texto Dissertativo: Análise de Problemas,coesao-problemas,1,1,concluído em ambas as larguras,não promovida
summary-redacao-recursos-linguisticos-norma-clareza-e-expressividade,Redação,"Recursos Linguísticos: Norma, Clareza e Expressividade",linguagem-clareza,1,1,concluído em ambas as larguras,não promovida
summary-redacao-os-direitos-humanos-de-1-geracao-direitos-individuais,Redação,Os Direitos Humanos de 1ª Geração: Direitos Individuais,direitos-1,1,1,concluído em ambas as larguras,não promovida
summary-redacao-os-direitos-humanos-de-2-e-3-geracao-direitos-sociais-coletivos-e-difusos,Redação,"Os Direitos Humanos de 2ª e 3ª Geração: Direitos Sociais, Coletivos e Difusos",direitos-23,1,1,concluído em ambas as larguras,não promovida
summary-redacao-redacoes-nota-1000-trunfos-a-inspirar,Redação,Redações Nota 1000: Trunfos a Inspirar,nota-mil,1,1,concluído em ambas as larguras,não promovida
summary-redacao-redacoes-na-midia-como-aprimorar,Redação,Redações na Mídia: como Aprimorar,redacao-midia,1,1,concluído em ambas as larguras,não promovida
summary-gramatica-lingua-um-sistema-complexo,Gramática,Língua: um Sistema Complexo,lingua-sistema,1,1,concluído em ambas as larguras,não promovida
summary-gramatica-variacao-linguistica,Gramática,Variação Linguística,variation,1,1,concluído em ambas as larguras,não promovida
summary-gramatica-substantivo-os-nomes-e-a-visao-do-enunciador,Gramática,Substantivo: os Nomes e a Visão do Enunciador,substantivo-visao-enunciador,1,1,concluído em ambas as larguras,não promovida
summary-gramatica-tipos-de-texto-explorando-elementos-concretos-e-conceitos-abstratos,Gramática,Tipos de Texto: Explorando Elementos Concretos e Conceitos Abstratos,tipos-de-texto,1,1,concluído em ambas as larguras,não promovida
summary-gramatica-artigo-numeral-e-adjetivo-no-sintagma-nominal,Gramática,"Artigo, Numeral e Adjetivo no Sintagma Nominal",sintagma-nominal,1,1,concluído em ambas as larguras,não promovida
summary-gramatica-pronomes,Gramática,Pronomes,pronomes,1,1,concluído em ambas as larguras,não promovida
summary-gramatica-verbo,Gramática,Verbo,verbo,1,1,concluído em ambas as larguras,não promovida
summary-gramatica-adverbio-e-locucoes-adverbiais-circunstanciadores,Gramática,Advérbio e Locuções Adverbiais: Circunstanciadores,adverbio-circunstanciadores,1,1,concluído em ambas as larguras,não promovida
summary-gramatica-verbo-e-sintaxe-da-oracao,Gramática,Verbo e Sintaxe da Oração,verbo-sintaxe-oracao,1,1,concluído em ambas as larguras,não promovida
summary-gramatica-concordancia,Gramática,Concordância,concordancia,1,1,concluído em ambas as larguras,não promovida
summary-gramatica-significados-implicitos,Gramática,Significados Implícitos,significados-implicitos,1,1,concluído em ambas as larguras,não promovida
summary-gramatica-tipos-de-discurso,Gramática,Tipos de Discurso,tipos-de-discurso,1,1,concluído em ambas as larguras,não promovida
summary-gramatica-pontuacao-i-principios-para-o-uso-da-virgula,Gramática,Pontuação I: Princípios para o Uso da Vírgula,pontuacao-i,1,1,concluído em ambas as larguras,não promovida
summary-gramatica-pontuacao-ii-virgula-entre-oracoes-e-outros-sinais-de-pontuacao,Gramática,Pontuação II: Vírgula entre Orações e Outros Sinais de Pontuação,pontuacao-ii,1,1,concluído em ambas as larguras,não promovida
summary-gramatica-o-lexico-em-contexto-variadas-possibilidades-semanticas,Gramática,O Léxico em Contexto: Variadas Possibilidades Semânticas,lexico-em-contexto,1,1,concluído em ambas as larguras,não promovida
summary-gramatica-ambiguidade-duplicidade-no-lexico-e-na-sintaxe,Gramática,Ambiguidade: Duplicidade no Léxico e na Sintaxe,ambiguidade,1,1,concluído em ambas as larguras,não promovida
summary-gramatica-mecanismo-de-regencia,Gramática,Mecanismo de Regência,mecanismo-regencia,1,1,concluído em ambas as larguras,não promovida
summary-gramatica-crase,Gramática,Crase,crase,1,1,concluído em ambas as larguras,não promovida
summary-gramatica-processos-de-formacao-de-palavras,Gramática,Processos de Formação de Palavras,formacao-palavras,1,1,concluído em ambas as larguras,não promovida
summary-gramatica-funcoes-sintaticas-nominais-e-vocativo,Gramática,Funções Sintáticas Nominais e Vocativo,funcoes-sintaticas-nominais,1,1,concluído em ambas as larguras,não promovida
summary-gramatica-tipos-de-sujeito,Gramática,Tipos de Sujeito,tipos-de-sujeito,1,1,concluído em ambas as larguras,não promovida
summary-gramatica-vozes-verbais,Gramática,Vozes Verbais,vozes-verbais,1,1,concluído em ambas as larguras,não promovida
summary-gramatica-oracoes-substantivas,Gramática,Orações Substantivas,oracoes-substantivas,1,1,concluído em ambas as larguras,não promovida
summary-gramatica-oracoes-adjetivas,Gramática,Orações Adjetivas,oracoes-adjetivas,1,1,concluído em ambas as larguras,não promovida
summary-gramatica-oracoes-adverbiais,Gramática,Orações Adverbiais,oracoes-adverbiais,1,1,concluído em ambas as larguras,não promovida
summary-gramatica-oracoes-coordenadas,Gramática,Orações Coordenadas,oracoes-coordenadas,1,1,concluído em ambas as larguras,não promovida
summary-literatura-a-arte-e-suas-linguagens,Literatura,A Arte e suas Linguagens,art-languages,3,3,concluído em ambas as larguras,não promovida
summary-literatura-texto-literario-x-texto-nao-literario,Literatura,Texto Literário x Texto não Literário,literary,2,2,concluído em ambas as larguras,não promovida
summary-literatura-trovadorismo-e-humanismo,Literatura,Trovadorismo e Humanismo,medieval-voices,4,4,concluído em ambas as larguras,não promovida
summary-literatura-renascimento-e-camoes,Literatura,Renascimento e Camões,renaissance-camoes,3,3,concluído em ambas as larguras,não promovida
summary-literatura-brasil-primeiros-registros,Literatura,Brasil: Primeiros Registros,first-records,3,3,concluído em ambas as larguras,não promovida
summary-literatura-a-estetica-barroca,Literatura,A Estética Barroca,baroque,2,2,concluído em ambas as larguras,não promovida
summary-literatura-a-estetica-neoclassica,Literatura,A Estética Neoclássica,neoclassic,2,2,concluído em ambas as larguras,não promovida
summary-literatura-a-estetica-romantica-poesia,Literatura,A Estética Romântica: Poesia,romantic-poetry,2,2,concluído em ambas as larguras,não promovida
summary-literatura-elementos-da-narrativa,Literatura,Elementos da Narrativa,narrative-elements,3,3,concluído em ambas as larguras,não promovida
summary-literatura-a-estetica-romantica-prosa,Literatura,A Estética Romântica: Prosa,romantic-prose,3,3,concluído em ambas as larguras,não promovida
summary-literatura-a-estetica-realista,Literatura,A Estética Realista,realism,2,2,concluído em ambas as larguras,não promovida
summary-literatura-machado-de-assis,Literatura,Machado de Assis,machado-de-assis,2,2,concluído em ambas as larguras,não promovida
summary-literatura-naturalismo,Literatura,Naturalismo,naturalism,2,2,concluído em ambas as larguras,não promovida
summary-literatura-realismo-portugues-eca-de-queiros,Literatura,Realismo Português: Eça de Queirós,eca-de-queiros,2,2,concluído em ambas as larguras,não promovida
summary-literatura-parnasianismo,Literatura,Parnasianismo,parnassianism,2,2,concluído em ambas as larguras,não promovida
summary-literatura-simbolismo,Literatura,Simbolismo,symbolism,2,2,concluído em ambas as larguras,não promovida
summary-literatura-pre-modernismo,Literatura,Pré-Modernismo,pre-modernism,2,2,concluído em ambas as larguras,não promovida
summary-literatura-vanguardas-artisticas,Literatura,Vanguardas Artísticas,vanguards,3,3,concluído em ambas as larguras,não promovida
summary-literatura-fernando-pessoa,Literatura,Fernando Pessoa,fernando-pessoa,3,3,concluído em ambas as larguras,não promovida
summary-literatura-semana-de-arte-moderna,Literatura,Semana de Arte Moderna,modern-art-week,2,2,concluído em ambas as larguras,não promovida
summary-literatura-modernismo-no-brasil-primeira-geracao,Literatura,Modernismo no Brasil: Primeira Geração,modernism-first-generation,2,2,concluído em ambas as larguras,não promovida
summary-literatura-segunda-geracao-modernista-prosa,Literatura,Segunda Geração Modernista: Prosa,modernism-second-prose,2,2,concluído em ambas as larguras,não promovida
summary-literatura-graciliano-ramos,Literatura,Graciliano Ramos,graciliano-ramos,2,2,concluído em ambas as larguras,não promovida
summary-literatura-segunda-geracao-modernista-poesia,Literatura,Segunda Geração Modernista: Poesia,modernism-second-generation,2,2,concluído em ambas as larguras,não promovida
summary-literatura-carlos-drummond-de-andrade,Literatura,Carlos Drummond de Andrade,carlos-drummond,2,2,concluído em ambas as larguras,não promovida
summary-literatura-joao-cabral-de-melo-neto,Literatura,João Cabral de Melo Neto,joao-cabral,2,2,concluído em ambas as larguras,não promovida
summary-literatura-poesia-concreta,Literatura,Poesia Concreta,concrete-poetry,2,2,concluído em ambas as larguras,não promovida
summary-literatura-clarice-lispector,Literatura,Clarice Lispector,clarice-lispector,2,2,concluído em ambas as larguras,não promovida
summary-literatura-guimaraes-rosa,Literatura,Guimarães Rosa,guimaraes-rosa,2,2,concluído em ambas as larguras,não promovida
summary-literatura-poesia-brasileira-1960-1980,Literatura,Poesia Brasileira: 1960-1980,poetry-1960-1980,2,2,concluído em ambas as larguras,não promovida
summary-literatura-prosa-brasileira-1960-1980,Literatura,Prosa Brasileira: 1960-1980,prose-1960-1980,2,2,concluído em ambas as larguras,não promovida
summary-literatura-literatura-lusofona-contemporanea,Literatura,Literatura Lusófona Contemporânea,lusophone-contemporary,2,2,concluído em ambas as larguras,não promovida
summary-literatura-poesia-brasileira-contemporanea,Literatura,Poesia Brasileira Contemporânea,poetry-contemporary,2,2,concluído em ambas as larguras,não promovida
summary-literatura-prosa-brasileira-contemporanea,Literatura,Prosa Brasileira Contemporânea,prose-contemporary,2,2,concluído em ambas as larguras,não promovida
summary-literatura-artes-plasticas-brasileiras,Literatura,Artes Plásticas Brasileiras,brazilian-visual-arts,2,2,concluído em ambas as larguras,não promovida
summary-literatura-teatro-brasileiro,Literatura,Teatro Brasileiro,brazilian-theater,2,2,concluído em ambas as larguras,não promovida
summary-literatura-cancioneiro-popular-brasileiro,Literatura,Cancioneiro Popular Brasileiro,popular-songbook,2,2,concluído em ambas as larguras,não promovida
summary-entendimento-de-texto-fatores-de-textualidade,Entendimento de Texto,Fatores de Textualidade,textualidade,1,1,concluído em ambas as larguras,não promovida
summary-entendimento-de-texto-os-dois-niveis-da-leitura,Entendimento de Texto,Os Dois Níveis da Leitura,niveis-leitura,1,1,concluído em ambas as larguras,não promovida
summary-entendimento-de-texto-intertextualidade-e-interdiscursividade,Entendimento de Texto,Intertextualidade e Interdiscursividade,intertextualidade,1,1,concluído em ambas as larguras,não promovida
summary-entendimento-de-texto-generos-textuais,Entendimento de Texto,Gêneros Textuais,generos,1,1,concluído em ambas as larguras,não promovida
summary-entendimento-de-texto-generos-narrativos-e-niveis-de-compreensao,Entendimento de Texto,Gêneros Narrativos e Níveis de Compreensão,narrativos,1,1,concluído em ambas as larguras,não promovida
summary-entendimento-de-texto-generos-nao-verbais-fundamentos-de-leitura,Entendimento de Texto,Gêneros não Verbais: Fundamentos de Leitura,nao-verbais,1,1,concluído em ambas as larguras,não promovida
summary-entendimento-de-texto-funcoes-da-linguagem,Entendimento de Texto,Funções da Linguagem,funcoes,1,1,concluído em ambas as larguras,não promovida
summary-entendimento-de-texto-funcao-poetica-e-linguagem-literaria,Entendimento de Texto,Função Poética e Linguagem Literária,poetica,1,1,concluído em ambas as larguras,não promovida
summary-entendimento-de-texto-figuras-de-linguagem,Entendimento de Texto,Figuras de Linguagem,figuras,1,1,concluído em ambas as larguras,não promovida
summary-entendimento-de-texto-modelos-de-leitura-e-distorcoes-interpretativas,Entendimento de Texto,Modelos de Leitura e Distorções Interpretativas,distorcoes,1,1,concluído em ambas as larguras,não promovida
summary-entendimento-de-texto-leitura-de-textos-comicos,Entendimento de Texto,Leitura de Textos Cômicos,comicos,1,1,concluído em ambas as larguras,não promovida
summary-entendimento-de-texto-tecnologias-digitais-da-informacao-e-comunicacao-tdic-impactos-sociais,Entendimento de Texto,Tecnologias Digitais da Informação e Comunicação (TDIC): Impactos Sociais,tdic,1,1,concluído em ambas as larguras,não promovida
geo-bonus-demografico,Geografia,Estrutura Ativa da População,escala-de-graus,2,2,concluído em ambas as larguras,não promovida
summary-filosofia-o-nascimento-da-filosofia-do-mito-ao-logos,Filosofia,O Nascimento da Filosofia: do Mito ao Logos,myth,3,3,concluído em ambas as larguras,não promovida
summary-filosofia-os-filosofos-da-physis-tales-anaximandro-e-anaximenes,Filosofia,"Os Filósofos da Physis: Tales, Anaximandro e Anaxímenes",contraste-de-posicoes,3,3,concluído em ambas as larguras,não promovida
summary-filosofia-heraclito-e-parmenides-o-ser-e-o-devir,Filosofia,Heráclito e Parmênides: o Ser e o Devir,contraste-de-posicoes,3,3,concluído em ambas as larguras,não promovida
summary-filosofia-os-sofistas-e-a-crise-da-verdade,Filosofia,Os Sofistas e a Crise da Verdade,contraste-de-posicoes,3,3,concluído em ambas as larguras,não promovida
summary-filosofia-o-metodo-socratico-e-a-maieutica,Filosofia,O Método Socrático e a Maiêutica,socratic-method,3,3,concluído em ambas as larguras,não promovida
summary-filosofia-a-teoria-das-ideias-de-platao,Filosofia,A Teoria das Ideias de Platão,contraste-de-posicoes,3,3,concluído em ambas as larguras,não promovida
summary-filosofia-o-mito-da-caverna,Filosofia,O Mito da Caverna,cave,3,3,concluído em ambas as larguras,não promovida
summary-filosofia-a-alegoria-da-linha-dividida-e-o-conhecimento,Filosofia,A Alegoria da Linha Dividida e o Conhecimento,divided-line,3,3,concluído em ambas as larguras,não promovida
summary-filosofia-logica-e-metafisica-aristotelicas,Filosofia,Lógica e Metafísica Aristotélicas,aristotle-logic,3,3,concluído em ambas as larguras,não promovida
summary-filosofia-a-etica-a-nicomaco-e-a-doutrina-do-meio-termo,Filosofia,A Ética a Nicômaco e a Doutrina do Meio-Termo,golden-mean,2,2,concluído em ambas as larguras,não promovida
summary-filosofia-politica-aristotelica-o-homem-como-animal-politico,Filosofia,Política Aristotélica: o Homem como Animal Político,contraste-de-posicoes,3,3,concluído em ambas as larguras,não promovida
summary-filosofia-patristica-e-santo-agostinho,Filosofia,Patrística e Santo Agostinho,contraste-de-posicoes,3,3,concluído em ambas as larguras,não promovida
summary-filosofia-escolastica-e-santo-tomas-de-aquino,Filosofia,Escolástica e Santo Tomás de Aquino,aquinas-synthesis,3,3,concluído em ambas as larguras,não promovida
summary-filosofia-a-relacao-entre-fe-e-razao,Filosofia,A Relação entre Fé e Razão,contraste-de-posicoes,3,3,concluído em ambas as larguras,não promovida
summary-filosofia-descartes-e-o-metodo-a-duvida-hiperbolica,Filosofia,Descartes e o Método: a Dúvida Hiperbólica,cartesian-doubt,3,3,concluído em ambas as larguras,não promovida
summary-filosofia-racionalismo-continental-espinosa-e-leibniz,Filosofia,Racionalismo Continental: Espinosa e Leibniz,contraste-de-posicoes,3,3,concluído em ambas as larguras,não promovida
summary-filosofia-empirismo-britanico-locke-berkeley-e-hume,Filosofia,"Empirismo Britânico: Locke, Berkeley e Hume",contraste-de-posicoes,3,3,concluído em ambas as larguras,não promovida
summary-filosofia-a-critica-de-hume-a-causalidade,Filosofia,A Crítica de Hume à Causalidade,hume-causation,2,2,concluído em ambas as larguras,não promovida
summary-filosofia-hobbes-e-o-estado-de-natureza,Filosofia,Hobbes e o Estado de Natureza,hobbes-state,3,3,concluído em ambas as larguras,não promovida
summary-filosofia-locke-e-os-direitos-naturais,Filosofia,Locke e os Direitos Naturais,locke-rights,3,3,concluído em ambas as larguras,não promovida
summary-filosofia-rousseau-e-a-vontade-geral,Filosofia,Rousseau e a Vontade Geral,rousseau-general-will,3,3,concluído em ambas as larguras,não promovida
summary-filosofia-o-ideal-iluminista-de-razao-e-progresso,Filosofia,O Ideal Iluminista de Razão e Progresso,contraste-de-posicoes,3,3,concluído em ambas as larguras,não promovida
summary-filosofia-a-critica-da-razao-pura,Filosofia,A Crítica da Razão Pura,contraste-de-posicoes,3,3,concluído em ambas as larguras,não promovida
summary-filosofia-a-etica-kantiana-e-o-imperativo-categorico,Filosofia,A Ética Kantiana e o Imperativo Categórico,kant-duty,3,3,concluído em ambas as larguras,não promovida
summary-filosofia-hegel-e-a-dialetica,Filosofia,Hegel e a Dialética,hegel-dialectic,3,3,concluído em ambas as larguras,não promovida
summary-filosofia-o-materialismo-historico,Filosofia,O Materialismo Histórico,historical-materialism,3,3,concluído em ambas as larguras,não promovida
summary-filosofia-alienacao-e-mais-valia,Filosofia,Alienação e Mais-Valia,contraste-de-posicoes,3,3,concluído em ambas as larguras,não promovida
summary-filosofia-a-luta-de-classes-na-filosofia-marxista,Filosofia,A Luta de Classes na Filosofia Marxista,class-struggle,3,3,concluído em ambas as larguras,não promovida
summary-filosofia-nietzsche-e-a-critica-aos-valores-morais,Filosofia,Nietzsche e a Crítica aos Valores Morais,nietzsche-genealogy,3,3,concluído em ambas as larguras,não promovida
summary-filosofia-o-existencialismo-de-sartre,Filosofia,O Existencialismo de Sartre,sartre-freedom,2,2,concluído em ambas as larguras,não promovida
summary-filosofia-a-escola-de-frankfurt-e-a-industria-cultural,Filosofia,A Escola de Frankfurt e a Indústria Cultural,frankfurt-culture,3,3,concluído em ambas as larguras,não promovida
summary-filosofia-foucault-e-as-relacoes-de-poder,Filosofia,Foucault e as Relações de Poder,contraste-de-posicoes,3,3,concluído em ambas as larguras,não promovida
summary-filosofia-justica-e-direitos-humanos,Filosofia,Justiça e Direitos Humanos,contraste-de-posicoes,3,3,concluído em ambas as larguras,não promovida
summary-filosofia-etica-aplicada-e-bioetica,Filosofia,Ética Aplicada e Bioética,contraste-de-posicoes,3,3,concluído em ambas as larguras,não promovida
summary-filosofia-filosofia-politica-contemporanea,Filosofia,Filosofia Política Contemporânea,contraste-de-posicoes,3,3,concluído em ambas as larguras,não promovida
summary-sociologia-o-contexto-historico-do-surgimento-da-sociologia,Sociologia,O Contexto Histórico do Surgimento da Sociologia,contraste-de-posicoes,3,3,concluído em ambas as larguras,não promovida
summary-sociologia-o-que-e-o-fato-social,Sociologia,O que é o Fato Social,social-fact,2,2,concluído em ambas as larguras,não promovida
summary-sociologia-sociologia-e-senso-comum,Sociologia,Sociologia e Senso Comum,contraste-de-posicoes,2,2,concluído em ambas as larguras,não promovida
summary-sociologia-solidariedade-mecanica-e-solidariedade-organica,Sociologia,Solidariedade Mecânica e Solidariedade Orgânica,solidarity,2,2,concluído em ambas as larguras,não promovida
summary-sociologia-anomia-e-coesao-social,Sociologia,Anomia e Coesão Social,anomie-grid,2,2,concluído em ambas as larguras,não promovida
summary-sociologia-educacao-e-socializacao-em-durkheim,Sociologia,Educação e Socialização em Durkheim,education-socialization,2,2,concluído em ambas as larguras,não promovida
summary-sociologia-modo-de-producao-e-estrutura-social,Sociologia,Modo de Produção e Estrutura Social,mode-of-production,2,2,concluído em ambas as larguras,não promovida
summary-sociologia-ideologia-e-alienacao,Sociologia,Ideologia e Alienação,ideology-alienation,2,2,concluído em ambas as larguras,não promovida
summary-sociologia-a-luta-de-classes-na-analise-sociologica,Sociologia,A Luta de Classes na Análise Sociológica,contraste-de-posicoes,3,3,concluído em ambas as larguras,não promovida
summary-sociologia-tipos-de-acao-social,Sociologia,Tipos de Ação Social,social-action-types,2,2,concluído em ambas as larguras,não promovida
summary-sociologia-dominacao-e-poder-em-weber,Sociologia,Dominação e Poder em Weber,weber-domination,2,2,concluído em ambas as larguras,não promovida
summary-sociologia-etica-protestante-e-o-espirito-do-capitalismo,Sociologia,Ética Protestante e o Espírito do Capitalismo,protestant-ethic,2,2,concluído em ambas as larguras,não promovida
summary-sociologia-cultura-e-etnocentrismo,Sociologia,Cultura e Etnocentrismo,contraste-de-posicoes,2,2,concluído em ambas as larguras,não promovida
summary-sociologia-identidade-e-diferenca,Sociologia,Identidade e Diferença,identity-difference,2,2,concluído em ambas as larguras,não promovida
summary-sociologia-multiculturalismo-e-relativismo-cultural,Sociologia,Multiculturalismo e Relativismo Cultural,contraste-de-posicoes,2,2,concluído em ambas as larguras,não promovida
summary-sociologia-classes-sociais-e-mobilidade-social,Sociologia,Classes Sociais e Mobilidade Social,mobility-grid,2,2,concluído em ambas as larguras,não promovida
summary-sociologia-desigualdade-racial-no-brasil,Sociologia,Desigualdade Racial no Brasil,contraste-de-posicoes,2,2,concluído em ambas as larguras,não promovida
summary-sociologia-desigualdade-de-genero,Sociologia,Desigualdade de Gênero,gender-inequality,2,2,concluído em ambas as larguras,não promovida
summary-sociologia-divisao-social-do-trabalho,Sociologia,Divisão Social do Trabalho,contraste-de-posicoes,2,2,concluído em ambas as larguras,não promovida
summary-sociologia-transformacoes-no-mundo-do-trabalho,Sociologia,Transformações no Mundo do Trabalho,contraste-de-posicoes,2,2,concluído em ambas as larguras,não promovida
summary-sociologia-precarizacao-e-uberizacao-do-trabalho,Sociologia,Precarização e Uberização do Trabalho,platform-work,2,2,concluído em ambas as larguras,não promovida
summary-sociologia-movimentos-sociais-classicos-e-contemporaneos,Sociologia,Movimentos Sociais Clássicos e Contemporâneos,social-movements,2,2,concluído em ambas as larguras,não promovida
summary-sociologia-cidadania-e-direitos,Sociologia,Cidadania e Direitos,citizenship-rights,2,2,concluído em ambas as larguras,não promovida
summary-sociologia-democracia-e-participacao-politica,Sociologia,Democracia e Participação Política,democracy-forms,2,2,concluído em ambas as larguras,não promovida
summary-sociologia-globalizacao-economica-e-cultural,Sociologia,Globalização Econômica e Cultural,globalization-flows,2,2,concluído em ambas as larguras,não promovida
summary-sociologia-o-estado-nacao-na-era-global,Sociologia,O Estado-Nação na Era Global,nation-state,2,2,concluído em ambas as larguras,não promovida
summary-sociologia-a-sociedade-da-informacao,Sociologia,A Sociedade da Informação,information-society,2,2,concluído em ambas as larguras,não promovida
summary-matematica-lugar-geometrico-e-equacao-da-circunferencia,Matemática,Lugar Geométrico e Equação da Circunferência,circunferencia,5,5,concluído em ambas as larguras,não promovida
summary-matematica-posicoes-relativas-entre-uma-reta-e-uma-circunferencia,Matemática,Posições Relativas entre uma Reta e uma Circunferência,reta-e-circunferencia,5,5,concluído em ambas as larguras,não promovida
