id,materia,titulo,status,lote,arquivos,achados
atu-cop30-belem,Atualidades,"COP30 em Belém: avanços, limites e leitura de prova",fila_a_revalidar,A1,src/views/visual-instruments/CurrentAffairsDossier.tsx,"O dossiê separa registro/contexto/avaliação, distinção útil à leitura da COP30. A imagem central contém somente três folhas com linhas, sem Belém, atores, decisões, limites ou vínculos entre eles. Inserir evidências datadas e relações do caso; não basta renomear folhas genéricas."
summary-redacao-a-dissertacao-no-vestibular-mitos-e-verdades,Redação,A Dissertação no Vestibular: Mitos e Verdades,fila_a_revalidar,R2,src/lib/writingInstrumentLab.ts;src/views/visual-instruments/WritingInstrument.tsx;src/views/visual-instruments/WritingMechanismScenes.tsx,O conteúdo pede comparação de exigências reais de ENEM/Fuvest/Unicamp; os três cartões MITO 1/MITO 2/BANCAS não tornam visível qual regra muda. O desenho deve mostrar o efeito da decisão sobre um exemplo textual concreto.
summary-redacao-o-que-se-avalia-na-dissertacao-competencias-e-habilidades,Redação,O que se Avalia na Dissertação: Competências e Habilidades,fila_a_revalidar,R2,src/lib/writingInstrumentLab.ts;src/views/visual-boards/BoardShell.tsx;src/views/visual-instruments/WritingInstrument.tsx;src/views/visual-instruments/WritingMechanismScenes.tsx,"O conteúdo pede pontuação 0–200 e equilíbrio entre as cinco competências; o destaque só percorre cartões C1–C5. O desenho deve mostrar o efeito da decisão sobre um exemplo textual concreto. | Harness detecta rolagem horizontal da página em 390 px nos dois temas. Validação dirigida confirma scrollWidth 392 px para viewport de 390 px, prancha/jornada com borda direita em 392,22 px. É extravasamento pequeno mas real; os cartões seguintes em carrosséis locais fora do viewport não são todos bugs. Corrigir a contenção do layout sem atribuir isso ao rodapé recortado na captura."
summary-redacao-organizando-as-ideias-brainstorm-e-mind-maps,Redação,Organizando as Ideias: Brainstorm e Mind Maps,fila_a_revalidar,R2,src/lib/writingInstrumentLab.ts;src/views/visual-instruments/WritingInstrument.tsx;src/views/visual-instruments/WritingMechanismScenes.tsx,O conteúdo pede eliminação das ideias irrelevantes e ordenação dos argumentos; na imagem os quatro ramos causa/recorte/efeito/ação permanecem juntos. O desenho deve mostrar o efeito da decisão sobre um exemplo textual concreto.
summary-redacao-projeto-de-texto-em-favor-da-progressao-textual,Redação,Projeto de Texto em Favor da Progressão Textual,fila_a_revalidar,R2,src/views/topic-experiments/TopicExperiment.tsx,"O exemplo de mobilidade encadeia tese, argumento, análise e retomada com funções diferentes, pertinente à progressão. A experiência ainda é uma lista de parágrafos cujo controle muda destaque; mostrar visualmente relações de causalidade e diferença entre repetição e avanço."
summary-redacao-repertorio-o-diferencial-de-redacoes-de-sucesso,Redação,Repertório: o Diferencial de Redações de Sucesso,fila_a_revalidar,R2,src/lib/writingInstrumentLab.ts;src/views/visual-instruments/WritingInstrument.tsx;src/views/visual-instruments/WritingMechanismScenes.tsx,"A ponte referência→tese é pertinente ao repertório produtivo, mas as duas caixas não trazem referência concreta nem o argumento antes/depois. Mostrar transformação textual verificável conforme O que conta como repertório; Repertório produtivo x decorativo; Como construir."
summary-redacao-qual-sera-o-tema-deste-ano-grandes-eixos-tematicos,Redação,Qual Será o Tema deste Ano: Grandes Eixos Temáticos,fila_a_revalidar,R2,src/lib/writingInstrumentLab.ts;src/views/visual-instruments/WritingInstrument.tsx;src/views/visual-instruments/WritingMechanismScenes.tsx,O conteúdo pede passagem concreta de um eixo (por exemplo educação) para recorte e tensão discutível; círculos sociedade/problema/recorte não mostram a transformação textual. O desenho deve mostrar o efeito da decisão sobre um exemplo textual concreto.
summary-redacao-diferentes-graus-de-adequacao-a-proposta,Redação,Diferentes Graus de Adequação à Proposta,fila_a_revalidar,R2,src/lib/writingInstrumentLab.ts;src/views/visual-instruments/WritingInstrument.tsx;src/views/visual-instruments/WritingMechanismScenes.tsx,"O conteúdo pede comparar frases de fuga, tangenciamento e resposta ao núcleo da proposta; círculos EIXO/RECORTE/RESPOSTA exibem escala mas não demonstram o atendimento ao comando. O desenho deve mostrar o efeito da decisão sobre um exemplo textual concreto."
summary-redacao-tangenciamento-e-fuga-a-fronteira-do-tema,Redação,Tangenciamento e Fuga: a Fronteira do Tema,fila_a_revalidar,R2,src/lib/writingInstrumentLab.ts;src/views/visual-instruments/WritingInstrument.tsx;src/views/visual-instruments/WritingMechanismScenes.tsx,O conteúdo pede fronteira entre texto relacionado ao eixo e texto que responde ao tema; círculos concêntricos não mostram onde uma tese perde o núcleo pedido. O desenho deve mostrar o efeito da decisão sobre um exemplo textual concreto.
summary-redacao-generos-e-sua-relacao-com-a-estrutura-do-texto,Redação,Gêneros e sua Relação com a Estrutura do Texto,fila_a_revalidar,R2,src/lib/writingInstrumentLab.ts;src/views/visual-instruments/WritingInstrument.tsx;src/views/visual-instruments/WritingMechanismScenes.tsx,"O conteúdo pede mudança de estrutura e voz entre carta, artigo e dissertação; quem lê/voz/função/efeito apenas nomeia os fatores. O desenho deve mostrar o efeito da decisão sobre um exemplo textual concreto."
summary-redacao-estrutura-classica-do-texto-dissertativo,Redação,Estrutura Clássica do Texto Dissertativo,fila_a_revalidar,R2,src/lib/writingInstrumentLab.ts;src/views/visual-instruments/WritingInstrument.tsx;src/views/visual-instruments/WritingMechanismScenes.tsx,"O conteúdo pede introdução → desenvolvimento → conclusão com funções e ligação à tese; a cena usa quem lê/voz/função/efeito, esquema de gênero sem os três blocos da dissertação. O desenho deve mostrar o efeito da decisão sobre um exemplo textual concreto."
summary-redacao-lendo-a-coletanea-a-apreensao-de-sentidos-i,Redação,Lendo a Coletânea: a Apreensão de Sentidos I,fila_a_revalidar,R3,src/lib/writingInstrumentLab.ts;src/views/visual-instruments/WritingInstrument.tsx;src/views/visual-instruments/WritingMechanismScenes.tsx,O conteúdo pede comparação de convergência/divergência entre textos da coletânea; fonte A → leitura → texto omite uma segunda fonte e seus sentidos. O desenho deve mostrar o efeito da decisão sobre um exemplo textual concreto.
summary-redacao-lendo-a-coletanea-a-apreensao-de-sentidos-ii,Redação,Lendo a Coletânea: a Apreensão de Sentidos II,fila_a_revalidar,R3,src/lib/writingInstrumentLab.ts;src/views/visual-instruments/WritingInstrument.tsx;src/views/visual-instruments/WritingMechanismScenes.tsx,"O conteúdo pede leitura de gráfico/imagem com fonte, eixo, escala e inferência; três folhas fonte A/leitura/texto não mostram o material não verbal nem distorções de dados. O desenho deve mostrar o efeito da decisão sobre um exemplo textual concreto."
summary-redacao-lendo-a-coletanea-a-compreensao-e-o-texto-autoral-i,Redação,Lendo a Coletânea: a Compreensão e o Texto Autoral I,fila_a_revalidar,R3,src/lib/writingInstrumentLab.ts;src/views/visual-instruments/WritingInstrument.tsx;src/views/visual-instruments/WritingMechanismScenes.tsx,"O conteúdo pede diferença observável entre copiar, reformular e construir argumento próprio; as três folhas contêm linhas sem palavras a comparar. O desenho deve mostrar o efeito da decisão sobre um exemplo textual concreto."
summary-redacao-lendo-a-coletanea-a-compreensao-e-o-texto-autoral-ii,Redação,Lendo a Coletânea: a Compreensão e o Texto Autoral II,fila_a_revalidar,R3,src/lib/writingInstrumentLab.ts;src/views/visual-instruments/WritingInstrument.tsx;src/views/visual-instruments/WritingMechanismScenes.tsx,"O conteúdo pede concordância crítica, ressalva e repertório externo aplicados a trecho real; fonte A/leitura/texto não mostra esse diálogo. O desenho deve mostrar o efeito da decisão sobre um exemplo textual concreto."
summary-redacao-paragrafo-de-introducao-delimitando-a-opiniao,Redação,Parágrafo de Introdução: Delimitando a Opinião,fila_a_revalidar,R2,src/lib/writingInstrumentLab.ts;src/views/visual-instruments/WritingInstrument.tsx;src/views/visual-instruments/WritingMechanismScenes.tsx,O conteúdo pede tese delimitada e anúncio dos argumentos no parágrafo; quem lê/voz/função/efeito não representa tese nem recorte. O desenho deve mostrar o efeito da decisão sobre um exemplo textual concreto.
summary-redacao-paragrafo-de-introducao-como-contextualizar,Redação,Parágrafo de Introdução: como Contextualizar,fila_a_revalidar,R2,src/lib/writingInstrumentLab.ts;src/views/visual-instruments/WritingInstrument.tsx;src/views/visual-instruments/WritingMechanismScenes.tsx,O conteúdo pede abertura pertinente ligada ao tema em contraste com contextualização ornamental; quem lê/voz/função/efeito não mostra essa ligação. O desenho deve mostrar o efeito da decisão sobre um exemplo textual concreto.
summary-redacao-argumentacao-auditorio-particular-e-universal,Redação,Argumentação: Auditório Particular e Universal,fila_a_revalidar,R3,src/lib/writingInstrumentLab.ts;src/views/visual-instruments/WritingInstrument.tsx;src/views/visual-instruments/WritingMechanismScenes.tsx,O conteúdo pede mudança das razões e pressupostos conforme o auditório; LENTE/conceito → TESE/explicada não representa interlocutor ou adesão. O desenho deve mostrar o efeito da decisão sobre um exemplo textual concreto.
summary-redacao-argumentacao-quase-logica-e-efeito-de-verdade,Redação,Argumentação Quase-Lógica e Efeito de Verdade,fila_a_revalidar,R3,src/lib/writingInstrumentLab.ts;src/views/visual-instruments/WritingInstrument.tsx;src/views/visual-instruments/WritingMechanismScenes.tsx,"A cena compara caso A/caso B e diferença de condição decisiva, mecanismo pertinente à falsa equivalência. Falta nomear situações reais e contemplar o efeito de verdade por contradição, transitividade ou comparação indicado na fonte; a equivalência gráfica corrigida não prova igualdade absoluta."
summary-redacao-argumentacao-e-coerencia-interna,Redação,Argumentação e Coerência Interna,fila_a_revalidar,R3,src/lib/writingInstrumentLab.ts;src/views/visual-instruments/WritingInstrument.tsx;src/views/visual-instruments/WritingMechanismScenes.tsx,"A cena específica causa/consequência/resposta mostra consequência ausente, salto e solução desconectada, representando uma falha real de coerência interna. A fonte define estados corrigidos com elos. Preservar o mecanismo e acrescentar o trecho completo antes/depois que confirme ausência de contradição e derivação da solução."
summary-redacao-argumentacao-e-coerencia-externa,Redação,Argumentação e Coerência Externa,fila_a_revalidar,R3,src/lib/writingInstrumentLab.ts;src/views/visual-instruments/WritingInstrument.tsx;src/views/visual-instruments/WritingMechanismScenes.tsx,O conteúdo pede checagem de afirmação factual/repertório/proposta contra realidade e fonte; fonte A/leitura/texto não desenha confronto entre afirmação e evidência externa. O desenho deve mostrar o efeito da decisão sobre um exemplo textual concreto.
summary-redacao-recursos-argumentativos-dados-numericos-e-exemplos,Redação,Recursos Argumentativos: Dados Numéricos e Exemplos,fila_a_revalidar,R3,src/lib/writingInstrumentLab.ts;src/views/visual-instruments/WritingInstrument.tsx;src/views/visual-instruments/WritingMechanismScenes.tsx,O conteúdo pede dado com fonte/unidade/contexto → leitura → sustentação da tese; fonte A/leitura/texto com linhas não permite observar a estatística nem sua análise. O desenho deve mostrar o efeito da decisão sobre um exemplo textual concreto.
summary-redacao-recursos-argumentativos-vozes-prestigiadas,Redação,Recursos Argumentativos: Vozes Prestigiadas,fila_a_revalidar,R3,src/lib/writingInstrumentLab.ts;src/views/visual-instruments/WritingInstrument.tsx;src/views/visual-instruments/WritingMechanismScenes.tsx,O conteúdo pede citação de autoridade pertinente seguida de explicação; LENTE→TESE não traz autor/ideia/argumento que demonstre o uso adequado. O desenho deve mostrar o efeito da decisão sobre um exemplo textual concreto.
summary-redacao-ressalvando-o-ponto-de-vista-contrario,Redação,Ressalvando o Ponto de Vista Contrário,fila_a_revalidar,R3,src/lib/writingInstrumentLab.ts;src/views/visual-instruments/WritingInstrument.tsx;src/views/visual-instruments/WritingMechanismScenes.tsx,"A gangorra mostra a concessão “embora haja avanços” sem retorno à tese, e a fonte prevê “mas a barreira continua” como contrapeso. A metáfora distingue concessão de abandono da tese. Preservar e acrescentar período completo antes/depois para verificar a precisão da ressalva."
summary-redacao-refutando-o-ponto-contrario,Redação,Refutando o Ponto Contrário,fila_a_revalidar,R3,src/lib/writingInstrumentLab.ts;src/views/visual-instruments/WritingInstrument.tsx;src/views/visual-instruments/WritingMechanismScenes.tsx,Contraponto→premissa e carimbo “está errado” distinguem discordância de razão demonstrada; a fonte prevê critério que rompe a premissa. Preservar este mecanismo específico e mostrar os enunciados completos da objeção e refutação com evidência.
summary-redacao-recursos-argumentativos-interdiscursividade-e-intertextualidade,Redação,Recursos Argumentativos: Interdiscursividade e Intertextualidade,fila_a_revalidar,R3,src/lib/writingInstrumentLab.ts;src/views/visual-instruments/WritingInstrument.tsx;src/views/visual-instruments/WritingMechanismScenes.tsx,O conteúdo pede trechos ou discursos retomados e transformação do sentido; as folhas genéricas fonte A/leitura/texto não contêm enunciados reconhecíveis. O desenho deve mostrar o efeito da decisão sobre um exemplo textual concreto.
summary-redacao-recursos-argumentativos-temas-de-redacao-ja-analisados,Redação,Recursos Argumentativos: Temas de Redação já Analisados,fila_a_revalidar,R3,src/lib/writingInstrumentLab.ts;src/views/visual-instruments/WritingInstrument.tsx;src/views/visual-instruments/WritingMechanismScenes.tsx,O conteúdo pede transposição com ajuste entre duas propostas; LENTE→TESE não representa os dois temas nem a diferença de recorte. O desenho deve mostrar o efeito da decisão sobre um exemplo textual concreto.
summary-redacao-recursos-argumentativos-fatos-da-atualidade,Redação,Recursos Argumentativos: Fatos da Atualidade,fila_a_revalidar,R3,src/lib/writingInstrumentLab.ts;src/views/visual-instruments/WritingInstrument.tsx;src/views/visual-instruments/WritingMechanismScenes.tsx,"O conteúdo pede evento datado, fonte verificada e relação com tese; fonte A/leitura/texto não desenha o evento ou a checagem. O desenho deve mostrar o efeito da decisão sobre um exemplo textual concreto."
summary-redacao-recursos-argumentativos-multiplos-dominios-do-saber,Redação,Recursos Argumentativos: Múltiplos Domínios do Saber,fila_a_revalidar,R3,src/lib/writingInstrumentLab.ts;src/views/visual-instruments/WritingInstrument.tsx;src/views/visual-instruments/WritingMechanismScenes.tsx,O conteúdo pede articulação de duas áreas em uma explicação comum; LENTE→TESE única não mostra domínios ou vínculo entre eles. O desenho deve mostrar o efeito da decisão sobre um exemplo textual concreto.
summary-redacao-conclusao-por-sintese-ou-retomada-da-tese,Redação,Conclusão por Síntese ou Retomada da Tese,fila_a_revalidar,R2,src/lib/writingInstrumentLab.ts;src/views/visual-instruments/WritingInstrument.tsx;src/views/visual-instruments/WritingMechanismScenes.tsx,O conteúdo pede síntese das razões e retomada transformada da tese; quem lê/voz/função/efeito não mostra os argumentos convergindo no fechamento. O desenho deve mostrar o efeito da decisão sobre um exemplo textual concreto.
summary-redacao-conclusao-sumarizacao-focalizacao-e-expressividade,Redação,"Conclusão: Sumarização, Focalização e Expressividade",fila_a_revalidar,R2,src/lib/writingInstrumentLab.ts;src/views/visual-instruments/WritingInstrument.tsx;src/views/visual-instruments/WritingMechanismScenes.tsx,"O conteúdo pede comparar os efeitos de sumarizar, focalizar e expressar em três finais; quem lê/voz/função/efeito não representa as estratégias de conclusão. O desenho deve mostrar o efeito da decisão sobre um exemplo textual concreto."
summary-redacao-proposta-de-intervencao-atores-sociais-e-cidadania,Redação,Proposta de Intervenção: Atores Sociais e Cidadania,fila_a_revalidar,R3,src/lib/writingInstrumentLab.ts;src/views/visual-instruments/WritingInstrument.tsx;src/views/visual-instruments/WritingMechanismScenes.tsx,"A cadeia agente/ação/meio/finalidade evidencia “a sociedade” como agente vago e prevê escola+rede local como agente capaz. Preservar a distinção e explicitar competência institucional/corresponsabilidade em exemplo completo, incluindo detalhamento quando aplicável."
summary-redacao-proposta-de-intervencao-viabilizacao-e-inovacao,Redação,Proposta de Intervenção: Viabilização e Inovação,fila_a_revalidar,R3,src/lib/writingInstrumentLab.ts;src/views/visual-instruments/WritingInstrument.tsx;src/views/visual-instruments/WritingMechanismScenes.tsx,A cena mostra agente/ação/meio/finalidade e meio ausente; o capítulo e o laboratório exigem cinco elementos incluindo detalhamento. Completar o quinto elemento e tornar recursos e capacidade de execução observáveis.
summary-redacao-proposta-de-intervencao-coerencia-argumentativa,Redação,Proposta de Intervenção: Coerência Argumentativa,fila_a_revalidar,R3,src/lib/writingInstrumentLab.ts;src/views/visual-instruments/WritingInstrument.tsx;src/views/visual-instruments/WritingMechanismScenes.tsx,"A causa “falta de acesso” é ligada a uma cadeia com ação “campanha”, tornando observável o desvio entre problema e solução; a fonte prevê mudança para remover a barreira. Preservar e acrescentar exemplo textual onde a ação enfrenta precisamente a causa argumentada."
summary-redacao-proposta-de-intervencao-respeito-aos-direitos-humanos,Redação,Proposta de Intervenção: Respeito aos Direitos Humanos,fila_a_revalidar,R3,src/lib/writingInstrumentLab.ts;src/views/visual-instruments/WritingInstrument.tsx;src/views/visual-instruments/WritingMechanismScenes.tsx,"A linha de dignidade/liberdade e o meio que sai dela (“restringe um grupo”) tornam a violação observável. A fonte prevê meio inclusivo dentro do limite. Preservar o mecanismo e acrescentar caso concreto com titulares e direitos afetados, para a decisão não depender apenas de caixas abstratas."
summary-redacao-recursos-de-coesao-referencial-no-texto-dissertativo,Redação,Recursos de Coesão Referencial no Texto Dissertativo,fila_a_revalidar,R3,src/lib/writingInstrumentLab.ts;src/views/visual-instruments/WritingInstrument.tsx;src/views/visual-instruments/WritingMechanismScenes.tsx,O conteúdo pede antecedente ligado a pronome/sinônimo/elipse e ambiguidade resolvida; fonte A/leitura/texto não mostra nenhum antecedente ou elo referencial. O desenho deve mostrar o efeito da decisão sobre um exemplo textual concreto.
summary-redacao-recursos-de-coesao-sequencial-no-texto-dissertativo,Redação,Recursos de Coesão Sequencial no Texto Dissertativo,fila_a_revalidar,R3,src/lib/writingInstrumentLab.ts;src/views/visual-instruments/WritingInstrument.tsx;src/views/visual-instruments/WritingMechanismScenes.tsx,O conteúdo pede troca de conectivo alterando causa/consequência/contraste no período; fonte A/leitura/texto não mostra conectivo ou duas proposições ligadas. O desenho deve mostrar o efeito da decisão sobre um exemplo textual concreto.
summary-redacao-coesao-no-texto-dissertativo-analise-de-problemas,Redação,Coesão no Texto Dissertativo: Análise de Problemas,fila_a_revalidar,R3,src/lib/writingInstrumentLab.ts;src/views/visual-instruments/WritingInstrument.tsx;src/views/visual-instruments/WritingMechanismScenes.tsx,O conteúdo pede diagnóstico e correção de referência ambígua ou relação lógica inadequada; fonte A/leitura/texto não torna o problema textual observável. O desenho deve mostrar o efeito da decisão sobre um exemplo textual concreto.
summary-redacao-recursos-linguisticos-norma-clareza-e-expressividade,Redação,"Recursos Linguísticos: Norma, Clareza e Expressividade",fila_a_revalidar,R3,src/lib/writingInstrumentLab.ts;src/views/visual-instruments/WritingInstrument.tsx;src/views/visual-instruments/WritingMechanismScenes.tsx,"Caixas encaixadas tornam a complexidade visível e a fonte prevê duas unidades com sujeito/relação/complemento. Falta exibir o período original e reescrito para verificar norma, clareza e expressividade, pois trocar caixas não demonstra a alteração do sentido textual."
summary-redacao-os-direitos-humanos-de-1-geracao-direitos-individuais,Redação,Os Direitos Humanos de 1ª Geração: Direitos Individuais,fila_a_revalidar,R3,src/lib/writingInstrumentLab.ts;src/views/visual-instruments/WritingInstrument.tsx;src/views/visual-instruments/WritingMechanismScenes.tsx,"A cena específica organiza titular/garantia ou poder público/participação/grupo, correspondendo a O que são; Caráter negativo; Uso em redação; porém o estado inicial só apresenta a lacuna. Expandir com caso concreto e distinguir as gerações e seus titulares/obrigações em comparação visual, sem resumir saúde e ambiente no mesmo grupo."
summary-redacao-os-direitos-humanos-de-2-e-3-geracao-direitos-sociais-coletivos-e-difusos,Redação,"Os Direitos Humanos de 2ª e 3ª Geração: Direitos Sociais, Coletivos e Difusos",fila_a_revalidar,R3,src/lib/writingInstrumentLab.ts;src/views/visual-instruments/WritingInstrument.tsx;src/views/visual-instruments/WritingMechanismScenes.tsx,"A cena específica organiza titular/garantia ou poder público/participação/grupo, correspondendo a Segunda geração; Terceira geração; Uso em redação; porém o estado inicial só apresenta a lacuna. Expandir com caso concreto e distinguir as gerações e seus titulares/obrigações em comparação visual, sem resumir saúde e ambiente no mesmo grupo."
summary-redacao-redacoes-nota-1000-trunfos-a-inspirar,Redação,Redações Nota 1000: Trunfos a Inspirar,fila_a_revalidar,R2,src/lib/writingInstrumentLab.ts;src/views/visual-instruments/WritingInstrument.tsx;src/views/visual-instruments/WritingMechanismScenes.tsx,"O conteúdo pede marcas de tese, progressão, repertório e intervenção em redação exemplar; quem lê/voz/função/efeito não apresenta redação ou anotação das qualidades. O desenho deve mostrar o efeito da decisão sobre um exemplo textual concreto."
summary-redacao-redacoes-na-midia-como-aprimorar,Redação,Redações na Mídia: como Aprimorar,fila_a_revalidar,R3,src/lib/writingInstrumentLab.ts;src/views/visual-instruments/WritingInstrument.tsx;src/views/visual-instruments/WritingMechanismScenes.tsx,"O conteúdo pede trecho original, comentário de correção e versão revista; fonte A/leitura/texto não mostra edição ou ganho de sentido. O desenho deve mostrar o efeito da decisão sobre um exemplo textual concreto."
